-- phpMyAdmin SQL Dump
-- version 4.8.2
-- https://www.phpmyadmin.net/
--
-- Servidor: 127.0.0.1
-- Tiempo de generación: 17-08-2018 a las 17:35:29
-- Versión del servidor: 10.1.34-MariaDB
-- Versión de PHP: 7.2.7

SET SQL_MODE = "NO_AUTO_VALUE_ON_ZERO";
SET AUTOCOMMIT = 0;
START TRANSACTION;
SET time_zone = "+00:00";


/*!40101 SET @OLD_CHARACTER_SET_CLIENT=@@CHARACTER_SET_CLIENT */;
/*!40101 SET @OLD_CHARACTER_SET_RESULTS=@@CHARACTER_SET_RESULTS */;
/*!40101 SET @OLD_COLLATION_CONNECTION=@@COLLATION_CONNECTION */;
/*!40101 SET NAMES utf8mb4 */;

--
-- Base de datos: `intranet`
--

-- --------------------------------------------------------

--
-- Estructura de tabla para la tabla `archivos`
--

CREATE TABLE `archivos` (
  `usuario` varchar(45) CHARACTER SET utf8 NOT NULL,
  `archivo` varchar(45) CHARACTER SET utf8 NOT NULL,
  `mes` varchar(15) CHARACTER SET utf8 NOT NULL,
  `año` int(4) NOT NULL
) ENGINE=InnoDB DEFAULT CHARSET=latin1;

--
-- Volcado de datos para la tabla `archivos`
--

INSERT INTO `archivos` (`usuario`, `archivo`, `mes`, `año`) VALUES
('1000405622', 'zzpc_1000405622_2018032.pdf', 'Marzo_1', 2018),
('1000405622', 'zzpc_1000405622_2018034.pdf', 'Marzo_2', 2018),
('1000405622', 'zzpc_1000405622_2018042.pdf', 'Abril_1', 2018),
('1000405622', 'zzpc_1000405622_2018044.pdf', 'Abril_2', 2018),
('1000405622', 'zzpc_1000405622_2018052.pdf', 'Mayo_1', 2018),
('1000405622', 'zzpc_1000405622_2018054.pdf', 'Mayo_2', 2018),
('1000405622', 'zzpc_1000405622_2018062.pdf', 'Junio_1', 2018),
('1000405622', 'zzpc_1000405622_2018064.pdf', 'Junio_2', 2018),
('1000405622', 'zzpc_1000405622_2018072.pdf', 'Julio_1', 2018),
('1000405622', 'zzpc_1000405622_2018074.pdf', 'Julio_2', 2018),
('1000405622', 'zzpc_1000405622_2018082.pdf', 'Agosto_1', 2018),
('1017157783', 'zzpc_1017157783_2018032.pdf', 'Marzo_1', 2018),
('1017157783', 'zzpc_1017157783_2018034.pdf', 'Marzo_2', 2018),
('1017157783', 'zzpc_1017157783_2018042.pdf', 'Abril_1', 2018),
('1017157783', 'zzpc_1017157783_2018044.pdf', 'Abril_2', 2018),
('1017157783', 'zzpc_1017157783_2018052.pdf', 'Mayo_1', 2018),
('1017157783', 'zzpc_1017157783_2018054.pdf', 'Mayo_2', 2018),
('1017157783', 'zzpc_1017157783_2018062.pdf', 'Junio_1', 2018),
('1017157783', 'zzpc_1017157783_2018064.pdf', 'Junio_2', 2018),
('1017157783', 'zzpc_1017157783_2018072.pdf', 'Julio_1', 2018),
('1017157783', 'zzpc_1017157783_2018074.pdf', 'Julio_2', 2018),
('1017157783', 'zzpc_1017157783_2018082.pdf', 'Agosto_1', 2018),
('1017266557', 'zzpc_1017266557_2018062.pdf', 'Junio_1', 2018),
('1017266557', 'zzpc_1017266557_2018064.pdf', 'Junio_2', 2018),
('1017266557', 'zzpc_1017266557_2018072.pdf', 'Julio_1', 2018),
('1017266557', 'zzpc_1017266557_2018074.pdf', 'Julio_2', 2018),
('1017266557', 'zzpc_1017266557_2018082.pdf', 'Agosto_1', 2018),
('1035871409', 'zzpc_1035871409_2018032.pdf', 'Marzo_1', 2018),
('1035871409', 'zzpc_1035871409_2018034.pdf', 'Marzo_2', 2018),
('1035871409', 'zzpc_1035871409_2018042.pdf', 'Abril_1', 2018),
('1035871409', 'zzpc_1035871409_2018044.pdf', 'Abril_2', 2018),
('1035871409', 'zzpc_1035871409_2018052.pdf', 'Mayo_1', 2018),
('1035871409', 'zzpc_1035871409_2018054.pdf', 'Mayo_2', 2018),
('1035871409', 'zzpc_1035871409_2018062.pdf', 'Junio_1', 2018),
('1035871409', 'zzpc_1035871409_2018064.pdf', 'Junio_2', 2018),
('1035871409', 'zzpc_1035871409_2018072.pdf', 'Julio_1', 2018),
('1035871409', 'zzpc_1035871409_2018074.pdf', 'Julio_2', 2018),
('1035871409', 'zzpc_1035871409_2018082.pdf', 'Agosto_1', 2018),
('1036599935', 'zzpc_1036599936_2018032.pdf', 'Marzo_1', 2018),
('1036599935', 'zzpc_1036599936_2018034.pdf', 'Marzo_2', 2018),
('1036599935', 'zzpc_1036599936_2018042.pdf', 'Abril_1', 2018),
('1036599935', 'zzpc_1036599936_2018044.pdf', 'Abril_2', 2018),
('1036599935', 'zzpc_1036599936_2018052.pdf', 'Mayo_1', 2018),
('1036599935', 'zzpc_1036599936_2018054.pdf', 'Mayo_2', 2018),
('1036599935', 'zzpc_1036599936_2018062.pdf', 'Junio_1', 2018),
('1036599935', 'zzpc_1036599936_2018064.pdf', 'Junio_2', 2018),
('1036599935', 'zzpc_1036599936_2018072.pdf', 'Julio_1', 2018),
('1036599935', 'zzpc_1036599936_2018074.pdf', 'Julio_2', 2018),
('1036599935', 'zzpc_1036599936_2018082.pdf', 'Agosto_1', 2018),
('1036620214', 'zzpc_1036620214_2018032.pdf', 'Marzo_1', 2018),
('1036620214', 'zzpc_1036620214_2018034.pdf', 'Marzo_2', 2018),
('1036620214', 'zzpc_1036620214_2018042.pdf', 'Abril_1', 2018),
('1036620214', 'zzpc_1036620214_2018044.pdf', 'Abril_2', 2018),
('1036620214', 'zzpc_1036620214_2018052.pdf', 'Mayo_1', 2018),
('1036620214', 'zzpc_1036620214_2018054.pdf', 'Mayo_2', 2018),
('1036620214', 'zzpc_1036620214_2018062.pdf', 'Junio_1', 2018),
('1036620214', 'zzpc_1036620214_2018064.pdf', 'Junio_2', 2018),
('1036620214', 'zzpc_1036620214_2018072.pdf', 'Julio_1', 2018),
('1036620214', 'zzpc_1036620214_2018074.pdf', 'Julio_2', 2018),
('1036620214', 'zzpc_1036620214_2018082.pdf', 'Agosto_1', 2018),
('1036672517', 'zzpc_1036672517_2018032.pdf', 'Marzo_1', 2018),
('1036672517', 'zzpc_1036672517_2018034.pdf', 'Marzo_2', 2018),
('1036672517', 'zzpc_1036672517_2018042.pdf', 'Abril_1', 2018),
('1036672517', 'zzpc_1036672517_2018044.pdf', 'Abril_2', 2018),
('1036672517', 'zzpc_1036672517_2018052.pdf', 'Mayo_1', 2018),
('1036672517', 'zzpc_1036672517_2018054.pdf', 'Mayo_2', 2018),
('1036672517', 'zzpc_1036672517_2018062.pdf', 'Junio_1', 2018),
('1036672517', 'zzpc_1036672517_2018064.pdf', 'Junio_2', 2018),
('1036672517', 'zzpc_1036672517_2018072.pdf', 'Julio_1', 2018),
('1036672517', 'zzpc_1036672517_2018074.pdf', 'Julio_2', 2018),
('1036672517', 'zzpc_1036672517_2018082.pdf', 'Agosto_1', 2018),
('1037577118', 'zzpc_1037577118_2018032.pdf', 'Marzo_1', 2018),
('1037577118', 'zzpc_1037577118_2018034.pdf', 'Marzo_2', 2018),
('1037577118', 'zzpc_1037577118_2018042.pdf', 'Abril_1', 2018),
('1037577118', 'zzpc_1037577118_2018044.pdf', 'Abril_2', 2018),
('1037577118', 'zzpc_1037577118_2018052.pdf', 'Mayo_1', 2018),
('1037577118', 'zzpc_1037577118_2018054.pdf', 'Mayo_2', 2018),
('1037577118', 'zzpc_1037577118_2018062.pdf', 'Junio_1', 2018),
('1037577118', 'zzpc_1037577118_2018064.pdf', 'Junio_2', 2018),
('1037577118', 'zzpc_1037577118_2018072.pdf', 'Julio_1', 2018),
('1037577118', 'zzpc_1037577118_2018074.pdf', 'Julio_2', 2018),
('1037577118', 'zzpc_1037577118_2018082.pdf', 'Agosto_1', 2018),
('1037591271', 'zzpc_1037591272_2018032.pdf', 'Marzo_1', 2018),
('1037591271', 'zzpc_1037591272_2018034.pdf', 'Marzo_2', 2018),
('1037591271', 'zzpc_1037591272_2018042.pdf', 'Abril_1', 2018),
('1037591271', 'zzpc_1037591272_2018044.pdf', 'Abril_2', 2018),
('1037591271', 'zzpc_1037591272_2018052.pdf', 'Mayo_1', 2018),
('1037591271', 'zzpc_1037591272_2018054.pdf', 'Mayo_2', 2018),
('1037591271', 'zzpc_1037591272_2018062.pdf', 'Junio_1', 2018),
('1037591271', 'zzpc_1037591272_2018064.pdf', 'Junio_2', 2018),
('1037591271', 'zzpc_1037591272_2018072(2).pdf', 'Julio_1', 2018),
('1037591271', 'zzpc_1037591272_2018072.pdf', 'Julio_1', 2018),
('1037591271', 'zzpc_1037591272_2018074.pdf', 'Julio_2', 2018),
('1037591271', 'zzpc_1037591272_2018082.pdf', 'Agosto_1', 2018),
('1037604625', 'zzpc_1037604625_2018032.pdf', 'Marzo_1', 2018),
('1037604625', 'zzpc_1037604625_2018034.pdf', 'Marzo_2', 2018),
('1037604625', 'zzpc_1037604625_2018042.pdf', 'Abril_1', 2018),
('1037604625', 'zzpc_1037604625_2018044.pdf', 'Abril_2', 2018),
('1037604625', 'zzpc_1037604625_2018052.pdf', 'Mayo_1', 2018),
('1037604625', 'zzpc_1037604625_2018054.pdf', 'Mayo_2', 2018),
('1037604625', 'zzpc_1037604625_2018062.pdf', 'Junio_1', 2018),
('1037604625', 'zzpc_1037604625_2018064.pdf', 'Junio_2', 2018),
('1037604625', 'zzpc_1037604625_2018072.pdf', 'Julio_1', 2018),
('1037604625', 'zzpc_1037604625_2018074.pdf', 'Julio_2', 2018),
('1037604625', 'zzpc_1037604625_2018082.pdf', 'Agosto_1', 2018),
('1037615192', 'zzpc_1037615194_2018032.pdf', 'Marzo_1', 2018),
('1037615192', 'zzpc_1037615194_2018034.pdf', 'Marzo_2', 2018),
('1037615192', 'zzpc_1037615194_2018042.pdf', 'Abril_1', 2018),
('1037615192', 'zzpc_1037615194_2018044.pdf', 'Abril_2', 2018),
('1037615192', 'zzpc_1037615194_2018052.pdf', 'Mayo_1', 2018),
('1037615192', 'zzpc_1037615194_2018054.pdf', 'Mayo_2', 2018),
('1037615192', 'zzpc_1037615194_2018062.pdf', 'Junio_1', 2018),
('1037615192', 'zzpc_1037615194_2018064.pdf', 'Junio_2', 2018),
('1037615192', 'zzpc_1037615194_2018072.pdf', 'Julio_1', 2018),
('1037615192', 'zzpc_1037615194_2018074.pdf', 'Julio_2', 2018),
('1037615192', 'zzpc_1037615194_2018082.pdf', 'Agosto_1', 2018),
('1037638782', 'zzpc_1037638782_2018032.pdf', 'Marzo_1', 2018),
('1037638782', 'zzpc_1037638782_2018034.pdf', 'Marzo_2', 2018),
('1037638782', 'zzpc_1037638782_2018042.pdf', 'Abril_1', 2018),
('1037638782', 'zzpc_1037638782_2018044.pdf', 'Abril_2', 2018),
('1037638782', 'zzpc_1037638782_2018052.pdf', 'Mayo_1', 2018),
('1037638782', 'zzpc_1037638782_2018054.pdf', 'Mayo_2', 2018),
('1037638782', 'zzpc_1037638782_2018062.pdf', 'Junio_1', 2018),
('1037638782', 'zzpc_1037638782_2018064.pdf', 'Junio_2', 2018),
('1037638782', 'zzpc_1037638782_2018072.pdf', 'Julio_1', 2018),
('1037638782', 'zzpc_1037638782_2018074.pdf', 'Julio_2', 2018),
('1037638782', 'zzpc_1037638782_2018082.pdf', 'Agosto_1', 2018),
('1037648839', 'zzpc_1037648839_2018032.pdf', 'Marzo_1', 2018),
('1037648839', 'zzpc_1037648839_2018034.pdf', 'Marzo_2', 2018),
('1037648839', 'zzpc_1037648839_2018042.pdf', 'Abril_1', 2018),
('1037648839', 'zzpc_1037648839_2018044.pdf', 'Abril_2', 2018),
('1037648839', 'zzpc_1037648839_2018052.pdf', 'Mayo_1', 2018),
('1037648839', 'zzpc_1037648839_2018054.pdf', 'Mayo_2', 2018),
('1037648839', 'zzpc_1037648839_2018062.pdf', 'Junio_1', 2018),
('1037648839', 'zzpc_1037648839_2018064.pdf', 'Junio_2', 2018),
('1037648839', 'zzpc_1037648839_2018072.pdf', 'Julio_1', 2018),
('1037648839', 'zzpc_1037648839_2018074.pdf', 'Julio_2', 2018),
('1037648839', 'zzpc_1037648839_2018082.pdf', 'Agosto_1', 2018),
('1039451492', 'zzpc_1039451492_2018032.pdf', 'Marzo_1', 2018),
('1039451492', 'zzpc_1039451492_2018034.pdf', 'Marzo_2', 2018),
('1039451492', 'zzpc_1039451492_2018042.pdf', 'Abril_1', 2018),
('1039451492', 'zzpc_1039451492_2018044.pdf', 'Abril_2', 2018),
('1039451492', 'zzpc_1039451492_2018052.pdf', 'Mayo_1', 2018),
('1039451492', 'zzpc_1039451492_2018054.pdf', 'Mayo_2', 2018),
('1039451492', 'zzpc_1039451492_2018062.pdf', 'Junio_1', 2018),
('1039451492', 'zzpc_1039451492_2018064.pdf', 'Junio_2', 2018),
('1039451492', 'zzpc_1039451492_2018072.pdf', 'Julio_1', 2018),
('1039451492', 'zzpc_1039451492_2018074.pdf', 'Julio_2', 2018),
('1039451492', 'zzpc_1039451492_2018082.pdf', 'Agosto_1', 2018),
('1040745141', 'zzpc_1040745141_2018032.pdf', 'Marzo_1', 2018),
('1040745141', 'zzpc_1040745141_2018034.pdf', 'Marzo_2', 2018),
('1040745141', 'zzpc_1040745141_2018042.pdf', 'Abril_1', 2018),
('1040745141', 'zzpc_1040745141_2018044.pdf', 'Abril_2', 2018),
('1040745141', 'zzpc_1040745141_2018052.pdf', 'Mayo_1', 2018),
('1040745141', 'zzpc_1040745141_2018054.pdf', 'Mayo_2', 2018),
('1040745141', 'zzpc_1040745141_2018062.pdf', 'Junio_1', 2018),
('1040745141', 'zzpc_1040745141_2018064.pdf', 'Junio_2', 2018),
('1040745141', 'zzpc_1040745141_2018072.pdf', 'Julio_1', 2018),
('1040745141', 'zzpc_1040745141_2018074.pdf', 'Julio_2', 2018),
('1040745141', 'zzpc_1040745141_2018082.pdf', 'Agosto_1', 2018),
('1047373690', 'zzpc_1047373690_2018032.pdf', 'Marzo_1', 2018),
('1047373690', 'zzpc_1047373690_2018034.pdf', 'Marzo_2', 2018),
('1047373690', 'zzpc_1047373690_2018042.pdf', 'Abril_1', 2018),
('1047373690', 'zzpc_1047373690_2018044.pdf', 'Abril_2', 2018),
('1047373690', 'zzpc_1047373690_2018052.pdf', 'Mayo_1', 2018),
('1047373690', 'zzpc_1047373690_2018054.pdf', 'Mayo_2', 2018),
('1047373690', 'zzpc_1047373690_2018062.pdf', 'Junio_1', 2018),
('1047373690', 'zzpc_1047373690_2018064.pdf', 'Junio_2', 2018),
('1047373690', 'zzpc_1047373690_2018072.pdf', 'Julio_1', 2018),
('1047373690', 'zzpc_1047373690_2018074.pdf', 'Julio_2', 2018),
('1047373690', 'zzpc_1047373690_2018082.pdf', 'Agosto_1', 2018),
('1048017009', 'zzpc_1048017009_2018032.pdf', 'Marzo_1', 2018),
('1048017009', 'zzpc_1048017009_2018034.pdf', 'Marzo_2', 2018),
('1048017009', 'zzpc_1048017009_2018042.pdf', 'Abril_1', 2018),
('1048017009', 'zzpc_1048017009_2018044.pdf', 'Abril_2', 2018),
('1048017009', 'zzpc_1048017009_2018052.pdf', 'Mayo_1', 2018),
('1048017009', 'zzpc_1048017009_2018054.pdf', 'Mayo_2', 2018),
('1048017009', 'zzpc_1048017009_2018062.pdf', 'Junio_1', 2018),
('1048017009', 'zzpc_1048017009_2018064.pdf', 'Junio_2', 2018),
('1048017009', 'zzpc_1048017009_2018072.pdf', 'Julio_1', 2018),
('1048017009', 'zzpc_1048017009_2018074.pdf', 'Julio_2', 2018),
('1048017009', 'zzpc_1048017009_2018082.pdf', 'Agosto_1', 2018),
('1067090843', 'zzpc_1067090844_2018032.pdf', 'Marzo_1', 2018),
('1067090843', 'zzpc_1067090844_2018034.pdf', 'Marzo_2', 2018),
('1067090843', 'zzpc_1067090844_2018042.pdf', 'Abril_1', 2018),
('1067090843', 'zzpc_1067090844_2018044.pdf', 'Abril_2', 2018),
('1067090843', 'zzpc_1067090844_2018052.pdf', 'Mayo_1', 2018),
('1067090843', 'zzpc_1067090844_2018054.pdf', 'Mayo_2', 2018),
('1067090843', 'zzpc_1067090844_2018062.pdf', 'Junio_1', 2018),
('1067090843', 'zzpc_1067090844_2018064.pdf', 'Junio_2', 2018),
('1067090843', 'zzpc_1067090844_2018072.pdf', 'Julio_1', 2018),
('1067090843', 'zzpc_1067090844_2018074.pdf', 'Julio_2', 2018),
('1067090843', 'zzpc_1067090844_2018082.pdf', 'Agosto_1', 2018),
('1088276258', 'zzpc_1088276258_2018032.pdf', 'Marzo_1', 2018),
('1088276258', 'zzpc_1088276258_2018034.pdf', 'Marzo_2', 2018),
('1088276258', 'zzpc_1088276258_2018042.pdf', 'Abril_1', 2018),
('1088276258', 'zzpc_1088276258_2018044.pdf', 'Abril_2', 2018),
('1088276258', 'zzpc_1088276258_2018052.pdf', 'Mayo_1', 2018),
('1088276258', 'zzpc_1088276258_2018054.pdf', 'Mayo_2', 2018),
('1088276258', 'zzpc_1088276258_2018062.pdf', 'Junio_1', 2018),
('1088276258', 'zzpc_1088276258_2018064.pdf', 'Junio_2', 2018),
('1088276258', 'zzpc_1088276258_2018072.pdf', 'Julio_1', 2018),
('1088276258', 'zzpc_1088276258_2018074.pdf', 'Julio_2', 2018),
('1088276258', 'zzpc_1088276258_2018082.pdf', 'Agosto_1', 2018),
('1091807928', 'zzpc_1091807928_2018032.pdf', 'Marzo_1', 2018),
('1091807928', 'zzpc_1091807928_2018034.pdf', 'Marzo_2', 2018),
('1091807928', 'zzpc_1091807928_2018042.pdf', 'Abril_1', 2018),
('1091807928', 'zzpc_1091807928_2018044.pdf', 'Abril_2', 2018),
('1091807928', 'zzpc_1091807928_2018052.pdf', 'Mayo_1', 2018),
('1091807928', 'zzpc_1091807928_2018054.pdf', 'Mayo_2', 2018),
('1091807928', 'zzpc_1091807928_2018062.pdf', 'Junio_1', 2018),
('1091807928', 'zzpc_1091807928_2018064.pdf', 'Junio_2', 2018),
('1091807928', 'zzpc_1091807928_2018072.pdf', 'Julio_1', 2018),
('1091807928', 'zzpc_1091807928_2018074.pdf', 'Julio_2', 2018),
('1091807928', 'zzpc_1091807928_2018082.pdf', 'Agosto_1', 2018),
('1128434296', 'zzpc_1128434296_2018032.pdf', 'Marzo_1', 2018),
('1128434296', 'zzpc_1128434296_2018034.pdf', 'Marzo_2', 2018),
('1128434296', 'zzpc_1128434296_2018042.pdf', 'Abril_1', 2018),
('1128434296', 'zzpc_1128434296_2018044.pdf', 'Abril_2', 2018),
('1128434296', 'zzpc_1128434296_2018052.pdf', 'Mayo_1', 2018),
('1128434296', 'zzpc_1128434296_2018054.pdf', 'Mayo_2', 2018),
('1128434296', 'zzpc_1128434296_2018062.pdf', 'Junio_1', 2018),
('1128434296', 'zzpc_1128434296_2018064.pdf', 'Junio_2', 2018),
('1128434296', 'zzpc_1128434296_2018072.pdf', 'Julio_1', 2018),
('1128434296', 'zzpc_1128434296_2018074.pdf', 'Julio_2', 2018),
('1128434296', 'zzpc_1128434296_2018082.pdf', 'Agosto_1', 2018),
('1128440173', 'zzpc_1128440173_2018032.pdf', 'Marzo_1', 2018),
('1128440173', 'zzpc_1128440173_2018034.pdf', 'Marzo_2', 2018),
('1128440173', 'zzpc_1128440173_2018042.pdf', 'Abril_1', 2018),
('1128440173', 'zzpc_1128440173_2018044.pdf', 'Abril_2', 2018),
('1128440173', 'zzpc_1128440173_2018052.pdf', 'Mayo_1', 2018),
('1128440173', 'zzpc_1128440173_2018054.pdf', 'Mayo_2', 2018),
('1128440173', 'zzpc_1128440173_2018062.pdf', 'Junio_1', 2018),
('1128440173', 'zzpc_1128440173_2018064.pdf', 'Junio_2', 2018),
('1128440173', 'zzpc_1128440173_2018072.pdf', 'Julio_1', 2018),
('1128440173', 'zzpc_1128440173_2018074.pdf', 'Julio_2', 2018),
('1128440173', 'zzpc_1128440173_2018082.pdf', 'Agosto_1', 2018),
('1152218316', 'zzpc_1152218316_2018032.pdf', 'Marzo_1', 2018),
('1152218316', 'zzpc_1152218316_2018034.pdf', 'Marzo_2', 2018),
('1152218316', 'zzpc_1152218316_2018042.pdf', 'Abril_1', 2018),
('1152218316', 'zzpc_1152218316_2018044.pdf', 'Abril_2', 2018),
('1152218316', 'zzpc_1152218316_2018052.pdf', 'Mayo_1', 2018),
('1152218316', 'zzpc_1152218316_2018054.pdf', 'Mayo_2', 2018),
('1152218316', 'zzpc_1152218316_2018062.pdf', 'Junio_1', 2018),
('1152218316', 'zzpc_1152218316_2018064.pdf', 'Junio_2', 2018),
('1152218316', 'zzpc_1152218316_2018072.pdf', 'Julio_1', 2018),
('1152218316', 'zzpc_1152218316_2018074.pdf', 'Julio_2', 2018),
('1152218316', 'zzpc_1152218316_2018082.pdf', 'Agosto_1', 2018),
('1152686634', 'zzpc_1152686634_2018032.pdf', 'Marzo_1', 2018),
('1152686634', 'zzpc_1152686634_2018034.pdf', 'Marzo_2', 2018),
('1152686634', 'zzpc_1152686634_2018042.pdf', 'Abril_1', 2018),
('1152686634', 'zzpc_1152686634_2018044.pdf', 'Abril_2', 2018),
('1152686634', 'zzpc_1152686634_2018052.pdf', 'Mayo_1', 2018),
('1152686634', 'zzpc_1152686634_2018054.pdf', 'Mayo_2', 2018),
('1152686634', 'zzpc_1152686634_2018062.pdf', 'Junio_1', 2018),
('1152686634', 'zzpc_1152686634_2018064.pdf', 'Junio_2', 2018),
('1152686634', 'zzpc_1152686634_2018072.pdf', 'Julio_1', 2018),
('1152686634', 'zzpc_1152686634_2018074.pdf', 'Julio_2', 2018),
('1152686634', 'zzpc_1152686634_2018082.pdf', 'Agosto_1', 2018),
('1152711552', 'zzpc_1152711552_2018032.pdf', 'Marzo_1', 2018),
('1152711552', 'zzpc_1152711552_2018034.pdf', 'Marzo_2', 2018),
('1152711552', 'zzpc_1152711552_2018042.pdf', 'Abril_1', 2018),
('1152711552', 'zzpc_1152711552_2018044.pdf', 'Abril_2', 2018),
('1152711552', 'zzpc_1152711552_2018052.pdf', 'Mayo_1', 2018),
('1152711552', 'zzpc_1152711552_2018054.pdf', 'Mayo_2', 2018),
('1152711552', 'zzpc_1152711552_2018062.pdf', 'Junio_1', 2018),
('1152711552', 'zzpc_1152711552_2018064.pdf', 'Junio_2', 2018),
('1152711552', 'zzpc_1152711552_2018072.pdf', 'Julio_1', 2018),
('1152711552', 'zzpc_1152711552_2018074.pdf', 'Julio_2', 2018),
('1152711552', 'zzpc_1152711552_2018082.pdf', 'Agosto_1', 2018),
('15259919', 'zzpc_15259919_2018032.pdf', 'Marzo_1', 2018),
('15259919', 'zzpc_15259919_2018034.pdf', 'Marzo_2', 2018),
('15259919', 'zzpc_15259919_2018042.pdf', 'Abril_1', 2018),
('15259919', 'zzpc_15259919_2018044.pdf', 'Abril_2', 2018),
('15259919', 'zzpc_15259919_2018052.pdf', 'Mayo_1', 2018),
('15259919', 'zzpc_15259919_2018054.pdf', 'Mayo_2', 2018),
('15259919', 'zzpc_15259919_2018062.pdf', 'Junio_1', 2018),
('15259919', 'zzpc_15259919_2018064.pdf', 'Junio_2', 2018),
('15259919', 'zzpc_15259919_2018072.pdf', 'Julio_1', 2018),
('15259919', 'zzpc_15259919_2018074.pdf', 'Julio_2', 2018),
('15259919', 'zzpc_15259919_2018082.pdf', 'Agosto_1', 2018),
('15329077', 'zzpc_15329077_2018032.pdf', 'Marzo_1', 2018),
('15329077', 'zzpc_15329077_2018034.pdf', 'Marzo_2', 2018),
('15329077', 'zzpc_15329077_2018042.pdf', 'Abril_1', 2018),
('15329077', 'zzpc_15329077_2018044.pdf', 'Abril_2', 2018),
('15329077', 'zzpc_15329077_2018052.pdf', 'Mayo_1', 2018),
('15329077', 'zzpc_15329077_2018054.pdf', 'Mayo_2', 2018),
('15329077', 'zzpc_15329077_2018062.pdf', 'Junio_1', 2018),
('15329077', 'zzpc_15329077_2018064.pdf', 'Junio_2', 2018),
('15329077', 'zzpc_15329077_2018072.pdf', 'Julio_1', 2018),
('15329077', 'zzpc_15329077_2018074.pdf', 'Julio_2', 2018),
('15329077', 'zzpc_15329077_2018082.pdf', 'Agosto_1', 2018),
('15370044', 'zzpc_15370044_2018072.pdf', 'Julio_1', 2018),
('15370044', 'zzpc_15370044_2018074.pdf', 'Julio_2', 2018),
('15370044', 'zzpc_15370044_2018082.pdf', 'Agosto_1', 2018),
('15458977', 'zzpc_15458978_2018032.pdf', 'Marzo_1', 2018),
('15458977', 'zzpc_15458978_2018034.pdf', 'Marzo_2', 2018),
('15458977', 'zzpc_15458978_2018042.pdf', 'Abril_1', 2018),
('15458977', 'zzpc_15458978_2018044.pdf', 'Abril_2', 2018),
('15458977', 'zzpc_15458978_2018052.pdf', 'Mayo_1', 2018),
('15458977', 'zzpc_15458978_2018054.pdf', 'Mayo_2', 2018),
('15458977', 'zzpc_15458978_2018062.pdf', 'Junio_1', 2018),
('15458977', 'zzpc_15458978_2018064.pdf', 'Junio_2', 2018),
('15458977', 'zzpc_15458978_2018072.pdf', 'Julio_1', 2018),
('15458977', 'zzpc_15458978_2018074.pdf', 'Julio_2', 2018),
('15458977', 'zzpc_15458978_2018082.pdf', 'Agosto_1', 2018),
('15517761', 'zzpc_15517762_2018032.pdf', 'Marzo_1', 2018),
('15517761', 'zzpc_15517762_2018034.pdf', 'Marzo_2', 2018),
('15517761', 'zzpc_15517762_2018042.pdf', 'Abril_1', 2018),
('15517761', 'zzpc_15517762_2018044.pdf', 'Abril_2', 2018),
('15517761', 'zzpc_15517762_2018052.pdf', 'Mayo_1', 2018),
('15517761', 'zzpc_15517762_2018054.pdf', 'Mayo_2', 2018),
('15517761', 'zzpc_15517762_2018062.pdf', 'Junio_1', 2018),
('15517761', 'zzpc_15517762_2018064.pdf', 'Junio_2', 2018),
('15517761', 'zzpc_15517762_2018072.pdf', 'Julio_1', 2018),
('15517761', 'zzpc_15517762_2018074.pdf', 'Julio_2', 2018),
('15517761', 'zzpc_15517762_2018082.pdf', 'Agosto_1', 2018),
('15931300', 'zzpc_15931300_2018032.pdf', 'Marzo_1', 2018),
('15931300', 'zzpc_15931300_2018034.pdf', 'Marzo_2', 2018),
('15931300', 'zzpc_15931300_2018042.pdf', 'Abril_1', 2018),
('15931300', 'zzpc_15931300_2018044.pdf', 'Abril_2', 2018),
('15931300', 'zzpc_15931300_2018052.pdf', 'Mayo_1', 2018),
('15931300', 'zzpc_15931300_2018054.pdf', 'Mayo_2', 2018),
('15931300', 'zzpc_15931300_2018062.pdf', 'Junio_1', 2018),
('15931300', 'zzpc_15931300_2018064.pdf', 'Junio_2', 2018),
('15931300', 'zzpc_15931300_2018072.pdf', 'Julio_1', 2018),
('15931300', 'zzpc_15931300_2018074.pdf', 'Julio_2', 2018),
('15931300', 'zzpc_15931300_2018082.pdf', 'Agosto_1', 2018),
('16716511', 'zzpc_16716512_2018032.pdf', 'Marzo_1', 2018),
('16716511', 'zzpc_16716512_2018034.pdf', 'Marzo_2', 2018),
('16716511', 'zzpc_16716512_2018042.pdf', 'Abril_1', 2018),
('16716511', 'zzpc_16716512_2018044.pdf', 'Abril_2', 2018),
('16716511', 'zzpc_16716512_2018052.pdf', 'Mayo_1', 2018),
('16716511', 'zzpc_16716512_2018054.pdf', 'Mayo_2', 2018),
('16716511', 'zzpc_16716512_2018062.pdf', 'Junio_1', 2018),
('16716511', 'zzpc_16716512_2018064.pdf', 'Junio_2', 2018),
('16716511', 'zzpc_16716512_2018072.pdf', 'Julio_1', 2018),
('16716511', 'zzpc_16716512_2018074.pdf', 'Julio_2', 2018),
('16716511', 'zzpc_16716512_2018082.pdf', 'Agosto_1', 2018),
('21533475', 'zzpc_21533476_2018032.pdf', 'Marzo_1', 2018),
('21533475', 'zzpc_21533476_2018034.pdf', 'Marzo_2', 2018),
('21533475', 'zzpc_21533476_2018042.pdf', 'Abril_1', 2018),
('21533475', 'zzpc_21533476_2018044.pdf', 'Abril_2', 2018),
('21533475', 'zzpc_21533476_2018052.pdf', 'Mayo_1', 2018),
('21533475', 'zzpc_21533476_2018054.pdf', 'Mayo_2', 2018),
('21533475', 'zzpc_21533476_2018062.pdf', 'Junio_1', 2018),
('21533475', 'zzpc_21533476_2018064.pdf', 'Junio_2', 2018),
('21533475', 'zzpc_21533476_2018072.pdf', 'Julio_1', 2018),
('21533475', 'zzpc_21533476_2018074.pdf', 'Julio_2', 2018),
('21533475', 'zzpc_21533476_2018082.pdf', 'Agosto_1', 2018),
('21533662', 'zzpc_21533662_2018032.pdf', 'Marzo_1', 2018),
('21533662', 'zzpc_21533662_2018034.pdf', 'Marzo_2', 2018),
('21533662', 'zzpc_21533662_2018042.pdf', 'Abril_1', 2018),
('21533662', 'zzpc_21533662_2018044.pdf', 'Abril_2', 2018),
('21533662', 'zzpc_21533662_2018052.pdf', 'Mayo_1', 2018),
('21533662', 'zzpc_21533662_2018054.pdf', 'Mayo_2', 2018),
('21533662', 'zzpc_21533662_2018062.pdf', 'Junio_1', 2018),
('21533662', 'zzpc_21533662_2018064.pdf', 'Junio_2', 2018),
('21533662', 'zzpc_21533662_2018072.pdf', 'Julio_1', 2018),
('21533662', 'zzpc_21533662_2018074.pdf', 'Julio_2', 2018),
('21533662', 'zzpc_21533662_2018082.pdf', 'Agosto_1', 2018),
('21852970', 'zzpc_21852971_2018032.pdf', 'Marzo_1', 2018),
('21852970', 'zzpc_21852971_2018034.pdf', 'Marzo_2', 2018),
('21852970', 'zzpc_21852971_2018042.pdf', 'Abril_1', 2018),
('21852970', 'zzpc_21852971_2018044.pdf', 'Abril_2', 2018),
('21852970', 'zzpc_21852971_2018052.pdf', 'Mayo_1', 2018),
('21852970', 'zzpc_21852971_2018054.pdf', 'Mayo_2', 2018),
('21852970', 'zzpc_21852971_2018062.pdf', 'Junio_1', 2018),
('21852970', 'zzpc_21852971_2018064.pdf', 'Junio_2', 2018),
('21852970', 'zzpc_21852971_2018072.pdf', 'Julio_1', 2018),
('21852970', 'zzpc_21852971_2018074.pdf', 'Julio_2', 2018),
('21852970', 'zzpc_21852971_2018082.pdf', 'Agosto_1', 2018),
('32241613', 'zzpc_32241614_2018032.pdf', 'Marzo_1', 2018),
('32241613', 'zzpc_32241614_2018034.pdf', 'Marzo_2', 2018),
('32241613', 'zzpc_32241614_2018042.pdf', 'Abril_1', 2018),
('32241613', 'zzpc_32241614_2018044.pdf', 'Abril_2', 2018),
('32241613', 'zzpc_32241614_2018052.pdf', 'Mayo_1', 2018),
('32241613', 'zzpc_32241614_2018054.pdf', 'Mayo_2', 2018),
('32241613', 'zzpc_32241614_2018062.pdf', 'Junio_1', 2018),
('32241613', 'zzpc_32241614_2018064.pdf', 'Junio_2', 2018),
('32241613', 'zzpc_32241614_2018072.pdf', 'Julio_1', 2018),
('32241613', 'zzpc_32241614_2018074.pdf', 'Julio_2', 2018),
('32241613', 'zzpc_32241614_2018082.pdf', 'Agosto_1', 2018),
('32259358', 'zzpc_32259359_2018032.pdf', 'Marzo_1', 2018),
('32259358', 'zzpc_32259359_2018034.pdf', 'Marzo_2', 2018),
('32259358', 'zzpc_32259359_2018042.pdf', 'Abril_1', 2018),
('32259358', 'zzpc_32259359_2018044.pdf', 'Abril_2', 2018),
('32259358', 'zzpc_32259359_2018052.pdf', 'Mayo_1', 2018),
('32259358', 'zzpc_32259359_2018054.pdf', 'Mayo_2', 2018),
('32259358', 'zzpc_32259359_2018062.pdf', 'Junio_1', 2018),
('32259358', 'zzpc_32259359_2018064.pdf', 'Junio_2', 2018),
('32259358', 'zzpc_32259359_2018072.pdf', 'Julio_1', 2018),
('32259358', 'zzpc_32259359_2018074.pdf', 'Julio_2', 2018),
('32259358', 'zzpc_32259359_2018082.pdf', 'Agosto_1', 2018),
('3396203', 'zzpc_3396203_2018032.pdf', 'Marzo_1', 2018),
('3396203', 'zzpc_3396203_2018034.pdf', 'Marzo_2', 2018),
('3396203', 'zzpc_3396203_2018042.pdf', 'Abril_1', 2018),
('3396203', 'zzpc_3396203_2018044.pdf', 'Abril_2', 2018),
('3396203', 'zzpc_3396203_2018052.pdf', 'Mayo_1', 2018),
('3396203', 'zzpc_3396203_2018054.pdf', 'Mayo_2', 2018),
('3396203', 'zzpc_3396203_2018062.pdf', 'Junio_1', 2018),
('3396203', 'zzpc_3396203_2018064.pdf', 'Junio_2', 2018),
('3396203', 'zzpc_3396203_2018072.pdf', 'Julio_1', 2018),
('3396203', 'zzpc_3396203_2018074.pdf', 'Julio_2', 2018),
('3396203', 'zzpc_3396203_2018082.pdf', 'Agosto_1', 2018),
('3567491', 'zzpc_3567491_2018032.pdf', 'Marzo_1', 2018),
('3567491', 'zzpc_3567491_2018034.pdf', 'Marzo_2', 2018),
('3567491', 'zzpc_3567491_2018042.pdf', 'Abril_1', 2018),
('3567491', 'zzpc_3567491_2018044.pdf', 'Abril_2', 2018),
('3567491', 'zzpc_3567491_2018052.pdf', 'Mayo_1', 2018),
('3567491', 'zzpc_3567491_2018054.pdf', 'Mayo_2', 2018),
('3567491', 'zzpc_3567491_2018062.pdf', 'Junio_1', 2018),
('3567491', 'zzpc_3567491_2018064.pdf', 'Junio_2', 2018),
('3567491', 'zzpc_3567491_2018072.pdf', 'Julio_1', 2018),
('3567491', 'zzpc_3567491_2018074.pdf', 'Julio_2', 2018),
('3567491', 'zzpc_3567491_2018082.pdf', 'Agosto_1', 2018),
('3593356', 'zzpc_3593356_2018032.pdf', 'Marzo_1', 2018),
('3593356', 'zzpc_3593356_2018034.pdf', 'Marzo_2', 2018),
('3593356', 'zzpc_3593356_2018042.pdf', 'Abril_1', 2018),
('3593356', 'zzpc_3593356_2018044.pdf', 'Abril_2', 2018),
('3593356', 'zzpc_3593356_2018052.pdf', 'Mayo_1', 2018),
('3593356', 'zzpc_3593356_2018054.pdf', 'Mayo_2', 2018),
('3593356', 'zzpc_3593356_2018062.pdf', 'Junio_1', 2018),
('3593356', 'zzpc_3593356_2018064.pdf', 'Junio_2', 2018),
('3593356', 'zzpc_3593356_2018072.pdf', 'Julio_1', 2018),
('3593356', 'zzpc_3593356_2018074.pdf', 'Julio_2', 2018),
('3593356', 'zzpc_3593356_2018082.pdf', 'Agosto_1', 2018),
('39358132', 'zzpc_39358132_2018032.pdf', 'Marzo_1', 2018),
('39358132', 'zzpc_39358132_2018034.pdf', 'Marzo_2', 2018),
('39358132', 'zzpc_39358132_2018042.pdf', 'Abril_1', 2018),
('39358132', 'zzpc_39358132_2018044.pdf', 'Abril_2', 2018),
('39358132', 'zzpc_39358132_2018052.pdf', 'Mayo_1', 2018),
('39358132', 'zzpc_39358132_2018054.pdf', 'Mayo_2', 2018),
('39358132', 'zzpc_39358132_2018062.pdf', 'Junio_1', 2018),
('39358132', 'zzpc_39358132_2018064.pdf', 'Junio_2', 2018),
('39358132', 'zzpc_39358132_2018072.pdf', 'Julio_1', 2018),
('39358132', 'zzpc_39358132_2018074.pdf', 'Julio_2', 2018),
('39358132', 'zzpc_39358132_2018082.pdf', 'Agosto_1', 2018),
('42788414', 'zzpc_42788414_2018032.pdf', 'Marzo_1', 2018),
('42788414', 'zzpc_42788414_2018034.pdf', 'Marzo_2', 2018),
('42788414', 'zzpc_42788414_2018042.pdf', 'Abril_1', 2018),
('42788414', 'zzpc_42788414_2018044.pdf', 'Abril_2', 2018),
('42788414', 'zzpc_42788414_2018052.pdf', 'Mayo_1', 2018),
('42788414', 'zzpc_42788414_2018054.pdf', 'Mayo_2', 2018),
('42788414', 'zzpc_42788414_2018062.pdf', 'Junio_1', 2018),
('42788414', 'zzpc_42788414_2018064.pdf', 'Junio_2', 2018),
('42788414', 'zzpc_42788414_2018072.pdf', 'Julio_1', 2018),
('42788414', 'zzpc_42788414_2018074.pdf', 'Julio_2', 2018),
('42788414', 'zzpc_42788414_2018082.pdf', 'Agosto_1', 2018),
('42788438', 'zzpc_42788439_2018032.pdf', 'Marzo_1', 2018),
('42788438', 'zzpc_42788439_2018034.pdf', 'Marzo_2', 2018),
('42788438', 'zzpc_42788439_2018042.pdf', 'Abril_1', 2018),
('42788438', 'zzpc_42788439_2018044.pdf', 'Abril_2', 2018),
('42788438', 'zzpc_42788439_2018052.pdf', 'Mayo_1', 2018),
('42788438', 'zzpc_42788439_2018054.pdf', 'Mayo_2', 2018),
('42788438', 'zzpc_42788439_2018062.pdf', 'Junio_1', 2018),
('42788438', 'zzpc_42788439_2018064.pdf', 'Junio_2', 2018),
('42788438', 'zzpc_42788439_2018072.pdf', 'Julio_1', 2018),
('42788438', 'zzpc_42788439_2018074.pdf', 'Julio_2', 2018),
('42788439', 'zzpc_42788439_2018082.pdf', 'Agosto_1', 2018),
('42789957', 'zzpc_42789957_2018032.pdf', 'Marzo_1', 2018),
('42789957', 'zzpc_42789957_2018034.pdf', 'Marzo_2', 2018),
('42789957', 'zzpc_42789957_2018042.pdf', 'Abril_1', 2018),
('42789957', 'zzpc_42789957_2018044.pdf', 'Abril_2', 2018),
('42789957', 'zzpc_42789957_2018052.pdf', 'Mayo_1', 2018),
('42789957', 'zzpc_42789957_2018054.pdf', 'Mayo_2', 2018),
('42789957', 'zzpc_42789957_2018062.pdf', 'Junio_1', 2018),
('42789957', 'zzpc_42789957_2018064.pdf', 'Junio_2', 2018),
('42789957', 'zzpc_42789957_2018072.pdf', 'Julio_1', 2018),
('42789957', 'zzpc_42789957_2018074.pdf', 'Julio_2', 2018),
('42789957', 'zzpc_42789957_2018082.pdf', 'Agosto_1', 2018),
('42823578', 'zzpc_42823579_2018032.pdf', 'Marzo_1', 2018),
('42823578', 'zzpc_42823579_2018034.pdf', 'Marzo_2', 2018),
('42823578', 'zzpc_42823579_2018042.pdf', 'Abril_1', 2018),
('42823578', 'zzpc_42823579_2018044.pdf', 'Abril_2', 2018),
('42823578', 'zzpc_42823579_2018052.pdf', 'Mayo_1', 2018),
('42823578', 'zzpc_42823579_2018054.pdf', 'Mayo_2', 2018),
('42823578', 'zzpc_42823579_2018062.pdf', 'Junio_1', 2018),
('42823578', 'zzpc_42823579_2018064.pdf', 'Junio_2', 2018),
('42823578', 'zzpc_42823579_2018072.pdf', 'Julio_1', 2018),
('42823578', 'zzpc_42823579_2018074.pdf', 'Julio_2', 2018),
('42823578', 'zzpc_42823579_2018082.pdf', 'Agosto_1', 2018),
('43102839', 'zzpc_43102841_2018032.pdf', 'Marzo_1', 2018),
('43102839', 'zzpc_43102841_2018034.pdf', 'Marzo_2', 2018),
('43102839', 'zzpc_43102841_2018042.pdf', 'Abril_1', 2018),
('43102839', 'zzpc_43102841_2018044.pdf', 'Abril_2', 2018),
('43102839', 'zzpc_43102841_2018052.pdf', 'Mayo_1', 2018),
('43102839', 'zzpc_43102841_2018054.pdf', 'Mayo_2', 2018),
('43102839', 'zzpc_43102841_2018062.pdf', 'Junio_1', 2018),
('43102839', 'zzpc_43102841_2018064.pdf', 'Junio_2', 2018),
('43102839', 'zzpc_43102841_2018072.pdf', 'Julio_1', 2018),
('43102839', 'zzpc_43102841_2018074.pdf', 'Julio_2', 2018),
('43102839', 'zzpc_43102841_2018082.pdf', 'Agosto_1', 2018),
('43104048', 'zzpc_43104049_2018032.pdf', 'Marzo_1', 2018),
('43104048', 'zzpc_43104049_2018034.pdf', 'Marzo_2', 2018),
('43104048', 'zzpc_43104049_2018042.pdf', 'Abril_1', 2018),
('43104048', 'zzpc_43104049_2018044.pdf', 'Abril_2', 2018),
('43104048', 'zzpc_43104049_2018052.pdf', 'Mayo_1', 2018),
('43104048', 'zzpc_43104049_2018054.pdf', 'Mayo_2', 2018),
('43104048', 'zzpc_43104049_2018062.pdf', 'Junio_1', 2018),
('43104048', 'zzpc_43104049_2018064.pdf', 'Junio_2', 2018),
('43104048', 'zzpc_43104049_2018072.pdf', 'Julio_1', 2018),
('43104048', 'zzpc_43104049_2018074.pdf', 'Julio_2', 2018),
('43104048', 'zzpc_43104049_2018082.pdf', 'Agosto_1', 2018),
('43162571', 'zzpc_43162572_2018032.pdf', 'Marzo_1', 2018),
('43162571', 'zzpc_43162572_2018034.pdf', 'Marzo_2', 2018),
('43162571', 'zzpc_43162572_2018042.pdf', 'Abril_1', 2018),
('43162571', 'zzpc_43162572_2018044.pdf', 'Abril_2', 2018),
('43162571', 'zzpc_43162572_2018052.pdf', 'Mayo_1', 2018),
('43162571', 'zzpc_43162572_2018054.pdf', 'Mayo_2', 2018),
('43162571', 'zzpc_43162572_2018062.pdf', 'Junio_1', 2018),
('43162571', 'zzpc_43162572_2018064.pdf', 'Junio_2', 2018),
('43162571', 'zzpc_43162572_2018072.pdf', 'Julio_1', 2018),
('43162571', 'zzpc_43162572_2018074.pdf', 'Julio_2', 2018),
('43162571', 'zzpc_43162572_2018082.pdf', 'Agosto_1', 2018),
('43277073', 'zzpc_43277074_2018032.pdf', 'Marzo_1', 2018),
('43277073', 'zzpc_43277074_2018034.pdf', 'Marzo_2', 2018),
('43277073', 'zzpc_43277074_2018042.pdf', 'Abril_1', 2018),
('43277073', 'zzpc_43277074_2018044.pdf', 'Abril_2', 2018),
('43277073', 'zzpc_43277074_2018052.pdf', 'Mayo_1', 2018),
('43277073', 'zzpc_43277074_2018054.pdf', 'Mayo_2', 2018),
('43277073', 'zzpc_43277074_2018062.pdf', 'Junio_1', 2018),
('43277073', 'zzpc_43277074_2018064.pdf', 'Junio_2', 2018),
('43277073', 'zzpc_43277074_2018072.pdf', 'Julio_1', 2018),
('43277073', 'zzpc_43277074_2018074.pdf', 'Julio_2', 2018),
('43277073', 'zzpc_43277074_2018082.pdf', 'Agosto_1', 2018),
('43284285', 'zzpc_43284285_2018032.pdf', 'Marzo_1', 2018),
('43284285', 'zzpc_43284285_2018034.pdf', 'Marzo_2', 2018),
('43284285', 'zzpc_43284285_2018042.pdf', 'Abril_1', 2018),
('43284285', 'zzpc_43284285_2018044.pdf', 'Abril_2', 2018),
('43284285', 'zzpc_43284285_2018052.pdf', 'Mayo_1', 2018),
('43284285', 'zzpc_43284285_2018054.pdf', 'Mayo_2', 2018),
('43284285', 'zzpc_43284285_2018062.pdf', 'Junio_1', 2018),
('43284285', 'zzpc_43284285_2018064.pdf', 'Junio_2', 2018),
('43284285', 'zzpc_43284285_2018072.pdf', 'Julio_1', 2018),
('43284285', 'zzpc_43284285_2018074.pdf', 'Julio_2', 2018),
('43284285', 'zzpc_43284285_2018082.pdf', 'Agosto_1', 2018),
('43522810', 'zzpc_43522811_2018032.pdf', 'Marzo_1', 2018),
('43522810', 'zzpc_43522811_2018034.pdf', 'Marzo_2', 2018),
('43522810', 'zzpc_43522811_2018042.pdf', 'Abril_1', 2018),
('43522810', 'zzpc_43522811_2018044.pdf', 'Abril_2', 2018),
('43522810', 'zzpc_43522811_2018052.pdf', 'Mayo_1', 2018),
('43522810', 'zzpc_43522811_2018054.pdf', 'Mayo_2', 2018),
('43522810', 'zzpc_43522811_2018062.pdf', 'Junio_1', 2018),
('43522810', 'zzpc_43522811_2018064.pdf', 'Junio_2', 2018),
('43522810', 'zzpc_43522811_2018072.pdf', 'Julio_1', 2018),
('43522810', 'zzpc_43522811_2018074.pdf', 'Julio_2', 2018),
('43522810', 'zzpc_43522811_2018082.pdf', 'Agosto_1', 2018),
('43639504', 'zzpc_43639505_2018032.pdf', 'Marzo_1', 2018),
('43639504', 'zzpc_43639505_2018034.pdf', 'Marzo_2', 2018),
('43639504', 'zzpc_43639505_2018042.pdf', 'Abril_1', 2018),
('43639504', 'zzpc_43639505_2018044.pdf', 'Abril_2', 2018),
('43639504', 'zzpc_43639505_2018052.pdf', 'Mayo_1', 2018),
('43639504', 'zzpc_43639505_2018054.pdf', 'Mayo_2', 2018),
('43639504', 'zzpc_43639505_2018062.pdf', 'Junio_1', 2018),
('43639504', 'zzpc_43639505_2018064.pdf', 'Junio_2', 2018),
('43639504', 'zzpc_43639505_2018072.pdf', 'Julio_1', 2018),
('43639504', 'zzpc_43639505_2018074.pdf', 'Julio_2', 2018),
('43639504', 'zzpc_43639505_2018082.pdf', 'Agosto_1', 2018),
('43813703', 'zzpc_43813703_2018032.pdf', 'Marzo_1', 2018),
('43813703', 'zzpc_43813703_2018034.pdf', 'Marzo_2', 2018),
('43813703', 'zzpc_43813703_2018042.pdf', 'Abril_1', 2018),
('43813703', 'zzpc_43813703_2018044.pdf', 'Abril_2', 2018),
('43813703', 'zzpc_43813703_2018052.pdf', 'Mayo_1', 2018),
('43813703', 'zzpc_43813703_2018054.pdf', 'Mayo_2', 2018),
('43813703', 'zzpc_43813703_2018062.pdf', 'Junio_1', 2018),
('43813703', 'zzpc_43813703_2018064.pdf', 'Junio_2', 2018),
('43813703', 'zzpc_43813703_2018072.pdf', 'Julio_1', 2018),
('43813703', 'zzpc_43813703_2018074.pdf', 'Julio_2', 2018),
('43813703', 'zzpc_43813703_2018082.pdf', 'Agosto_1', 2018),
('43826231', 'zzpc_43826232_2018032.pdf', 'Marzo_1', 2018),
('43826231', 'zzpc_43826232_2018034.pdf', 'Marzo_2', 2018),
('43826231', 'zzpc_43826232_2018042.pdf', 'Abril_1', 2018),
('43826231', 'zzpc_43826232_2018044.pdf', 'Abril_2', 2018),
('43826231', 'zzpc_43826232_2018052.pdf', 'Mayo_1', 2018),
('43826231', 'zzpc_43826232_2018054.pdf', 'Mayo_2', 2018),
('43826231', 'zzpc_43826232_2018062.pdf', 'Junio_1', 2018),
('43826231', 'zzpc_43826232_2018064.pdf', 'Junio_2', 2018),
('43826231', 'zzpc_43826232_2018072.pdf', 'Julio_1', 2018),
('43826231', 'zzpc_43826232_2018074.pdf', 'Julio_2', 2018),
('43826231', 'zzpc_43826232_2018082.pdf', 'Agosto_1', 2018),
('43840424', 'zzpc_43840424_2018032.pdf', 'Marzo_1', 2018),
('43840424', 'zzpc_43840424_2018034.pdf', 'Marzo_2', 2018),
('43840424', 'zzpc_43840424_2018042.pdf', 'Abril_1', 2018),
('43840424', 'zzpc_43840424_2018044.pdf', 'Abril_2', 2018),
('43840424', 'zzpc_43840424_2018052.pdf', 'Mayo_1', 2018),
('43840424', 'zzpc_43840424_2018054.pdf', 'Mayo_2', 2018),
('43840424', 'zzpc_43840424_2018062.pdf', 'Junio_1', 2018),
('43840424', 'zzpc_43840424_2018064.pdf', 'Junio_2', 2018),
('43840424', 'zzpc_43840424_2018072.pdf', 'Julio_1', 2018),
('43840424', 'zzpc_43840424_2018074.pdf', 'Julio_2', 2018),
('43840424', 'zzpc_43840424_2018082.pdf', 'Agosto_1', 2018),
('43847714', 'zzpc_43847714_2018032.pdf', 'Marzo_1', 2018),
('43847714', 'zzpc_43847714_2018034.pdf', 'Marzo_2', 2018),
('43847714', 'zzpc_43847714_2018042.pdf', 'Abril_1', 2018),
('43847714', 'zzpc_43847714_2018044.pdf', 'Abril_2', 2018),
('43847714', 'zzpc_43847714_2018052.pdf', 'Mayo_1', 2018),
('43847714', 'zzpc_43847714_2018054.pdf', 'Mayo_2', 2018),
('43847714', 'zzpc_43847714_2018062.pdf', 'Junio_1', 2018),
('43847714', 'zzpc_43847714_2018064.pdf', 'Junio_2', 2018),
('43847714', 'zzpc_43847714_2018072.pdf', 'Julio_1', 2018),
('43847714', 'zzpc_43847714_2018074.pdf', 'Julio_2', 2018),
('43847714', 'zzpc_43847714_2018082.pdf', 'Agosto_1', 2018),
('43922089', 'zzpc_43922090_2018032.pdf', 'Marzo_1', 2018),
('43922089', 'zzpc_43922090_2018034.pdf', 'Marzo_2', 2018),
('43922089', 'zzpc_43922090_2018042.pdf', 'Abril_1', 2018),
('43922089', 'zzpc_43922090_2018044.pdf', 'Abril_2', 2018),
('43922089', 'zzpc_43922090_2018052.pdf', 'Mayo_1', 2018),
('43922089', 'zzpc_43922090_2018054.pdf', 'Mayo_2', 2018),
('43922089', 'zzpc_43922090_2018062.pdf', 'Junio_1', 2018),
('43922089', 'zzpc_43922090_2018064.pdf', 'Junio_2', 2018),
('43922089', 'zzpc_43922090_2018072.pdf', 'Julio_1', 2018),
('43922089', 'zzpc_43922090_2018074.pdf', 'Julio_2', 2018),
('43922089', 'zzpc_43922090_2018082.pdf', 'Agosto_1', 2018),
('43926137', 'zzpc_43926137_2018044.pdf', 'Abril_2', 2018),
('43991483', 'zzpc_43991484_2018032.pdf', 'Marzo_1', 2018),
('43991483', 'zzpc_43991484_2018034.pdf', 'Marzo_2', 2018),
('43991483', 'zzpc_43991484_2018042.pdf', 'Abril_1', 2018),
('43991483', 'zzpc_43991484_2018044.pdf', 'Abril_2', 2018),
('43991483', 'zzpc_43991484_2018052.pdf', 'Mayo_1', 2018),
('43991483', 'zzpc_43991484_2018054.pdf', 'Mayo_2', 2018),
('43991483', 'zzpc_43991484_2018062.pdf', 'Junio_1', 2018),
('43991483', 'zzpc_43991484_2018064.pdf', 'Junio_2', 2018),
('43991483', 'zzpc_43991484_2018072.pdf', 'Julio_1', 2018),
('43991483', 'zzpc_43991484_2018074.pdf', 'Julio_2', 2018),
('43991483', 'zzpc_43991484_2018082.pdf', 'Agosto_1', 2018),
('43996637', 'zzpc_43996638_2018032.pdf', 'Marzo_1', 2018),
('43996637', 'zzpc_43996638_2018034.pdf', 'Marzo_2', 2018),
('43996637', 'zzpc_43996638_2018042.pdf', 'Abril_1', 2018),
('43996637', 'zzpc_43996638_2018044.pdf', 'Abril_2', 2018),
('43996637', 'zzpc_43996638_2018052.pdf', 'Mayo_1', 2018),
('43996637', 'zzpc_43996638_2018054.pdf', 'Mayo_2', 2018),
('43996637', 'zzpc_43996638_2018062.pdf', 'Junio_1', 2018),
('43996637', 'zzpc_43996638_2018064.pdf', 'Junio_2', 2018),
('43996637', 'zzpc_43996638_2018072.pdf', 'Julio_1', 2018),
('43996637', 'zzpc_43996638_2018074.pdf', 'Julio_2', 2018),
('43996637', 'zzpc_43996638_2018082.pdf', 'Agosto_1', 2018),
('70432597', 'zzpc_70432597_2018032.pdf', 'Marzo_1', 2018),
('70432597', 'zzpc_70432597_2018034.pdf', 'Marzo_2', 2018),
('70432597', 'zzpc_70432597_2018042.pdf', 'Abril_1', 2018),
('70432597', 'zzpc_70432597_2018044.pdf', 'Abril_2', 2018),
('70432597', 'zzpc_70432597_2018052.pdf', 'Mayo_1', 2018),
('70432597', 'zzpc_70432597_2018054.pdf', 'Mayo_2', 2018),
('70432597', 'zzpc_70432597_2018062.pdf', 'Junio_1', 2018),
('70432597', 'zzpc_70432597_2018064.pdf', 'Junio_2', 2018),
('70432597', 'zzpc_70432597_2018072.pdf', 'Julio_1', 2018),
('70432597', 'zzpc_70432597_2018074.pdf', 'Julio_2', 2018),
('70432597', 'zzpc_70432597_2018082.pdf', 'Agosto_1', 2018),
('70433806', 'zzpc_70433806_2018032.pdf', 'Marzo_1', 2018),
('70433806', 'zzpc_70433806_2018034.pdf', 'Marzo_2', 2018),
('70433806', 'zzpc_70433806_2018042.pdf', 'Abril_1', 2018),
('70433806', 'zzpc_70433806_2018044.pdf', 'Abril_2', 2018),
('70433806', 'zzpc_70433806_2018052.pdf', 'Mayo_1', 2018),
('70433806', 'zzpc_70433806_2018054.pdf', 'Mayo_2', 2018),
('70433806', 'zzpc_70433806_2018062.pdf', 'Junio_1', 2018),
('70433806', 'zzpc_70433806_2018064.pdf', 'Junio_2', 2018),
('70433806', 'zzpc_70433806_2018072.pdf', 'Julio_1', 2018),
('70433806', 'zzpc_70433806_2018074.pdf', 'Julio_2', 2018),
('70433806', 'zzpc_70433806_2018082.pdf', 'Agosto_1', 2018),
('70516706', 'zzpc_70516706_2018032.pdf', 'Marzo_1', 2018),
('70516706', 'zzpc_70516706_2018034.pdf', 'Marzo_2', 2018),
('70516706', 'zzpc_70516706_2018042.pdf', 'Abril_1', 2018),
('70516706', 'zzpc_70516706_2018044.pdf', 'Abril_2', 2018),
('70516706', 'zzpc_70516706_2018052.pdf', 'Mayo_1', 2018),
('70516706', 'zzpc_70516706_2018054.pdf', 'Mayo_2', 2018),
('70516706', 'zzpc_70516706_2018062.pdf', 'Junio_1', 2018),
('70516706', 'zzpc_70516706_2018064.pdf', 'Junio_2', 2018),
('70516706', 'zzpc_70516706_2018072.pdf', 'Julio_1', 2018),
('70516706', 'zzpc_70516706_2018074.pdf', 'Julio_2', 2018),
('70516706', 'zzpc_70516706_2018082.pdf', 'Agosto_1', 2018),
('70561454', 'zzpc_70561454_2018032.pdf', 'Marzo_1', 2018),
('70561454', 'zzpc_70561454_2018034.pdf', 'Marzo_2', 2018),
('70561454', 'zzpc_70561454_2018042.pdf', 'Abril_1', 2018),
('70561454', 'zzpc_70561454_2018044.pdf', 'Abril_2', 2018),
('70561454', 'zzpc_70561454_2018052.pdf', 'Mayo_1', 2018),
('70561454', 'zzpc_70561454_2018054.pdf', 'Mayo_2', 2018),
('70561454', 'zzpc_70561454_2018062.pdf', 'Junio_1', 2018),
('70561454', 'zzpc_70561454_2018064.pdf', 'Junio_2', 2018),
('70561454', 'zzpc_70561454_2018072.pdf', 'Julio_1', 2018),
('70561454', 'zzpc_70561454_2018074.pdf', 'Julio_2', 2018),
('70561454', 'zzpc_70561454_2018082.pdf', 'Agosto_1', 2018),
('70852947', 'zzpc_70852948_2018032.pdf', 'Marzo_1', 2018),
('70852947', 'zzpc_70852948_2018034.pdf', 'Marzo_2', 2018),
('70852947', 'zzpc_70852948_2018042.pdf', 'Abril_1', 2018),
('70852947', 'zzpc_70852948_2018044.pdf', 'Abril_2', 2018),
('70852947', 'zzpc_70852948_2018052.pdf', 'Mayo_1', 2018),
('70852947', 'zzpc_70852948_2018054.pdf', 'Mayo_2', 2018),
('70852947', 'zzpc_70852948_2018062.pdf', 'Junio_1', 2018),
('70852947', 'zzpc_70852948_2018064.pdf', 'Junio_2', 2018),
('70852947', 'zzpc_70852948_2018072.pdf', 'Julio_1', 2018),
('70852947', 'zzpc_70852948_2018074.pdf', 'Julio_2', 2018),
('70852947', 'zzpc_70852948_2018082.pdf', 'Agosto_1', 2018),
('71217197', 'zzpc_71217197_2018032.pdf', 'Marzo_1', 2018),
('71217197', 'zzpc_71217197_2018034.pdf', 'Marzo_2', 2018),
('71217197', 'zzpc_71217197_2018042.pdf', 'Abril_1', 2018),
('71217197', 'zzpc_71217197_2018044.pdf', 'Abril_2', 2018),
('71217197', 'zzpc_71217197_2018052.pdf', 'Mayo_1', 2018),
('71217197', 'zzpc_71217197_2018054.pdf', 'Mayo_2', 2018),
('71217197', 'zzpc_71217197_2018062.pdf', 'Junio_1', 2018),
('71217197', 'zzpc_71217197_2018064.pdf', 'Junio_2', 2018),
('71217197', 'zzpc_71217197_2018072.pdf', 'Julio_1', 2018),
('71217197', 'zzpc_71217197_2018074.pdf', 'Julio_2', 2018),
('71217197', 'zzpc_71217197_2018082.pdf', 'Agosto_1', 2018),
('71270330', 'zzpc_71270330_2018032.pdf', 'Marzo_1', 2018),
('71270330', 'zzpc_71270330_2018034.pdf', 'Marzo_2', 2018),
('71270330', 'zzpc_71270330_2018042.pdf', 'Abril_1', 2018),
('71270330', 'zzpc_71270330_2018044.pdf', 'Abril_2', 2018),
('71270330', 'zzpc_71270330_2018052.pdf', 'Mayo_1', 2018),
('71270330', 'zzpc_71270330_2018054.pdf', 'Mayo_2', 2018),
('71270330', 'zzpc_71270330_2018062.pdf', 'Junio_1', 2018),
('71270330', 'zzpc_71270330_2018064.pdf', 'Junio_2', 2018),
('71270330', 'zzpc_71270330_2018072.pdf', 'Julio_1', 2018),
('71270330', 'zzpc_71270330_2018074.pdf', 'Julio_2', 2018),
('71270330', 'zzpc_71270330_2018082.pdf', 'Agosto_1', 2018),
('71272143', 'zzpc_71272143_2018032.pdf', 'Marzo_1', 2018),
('71272143', 'zzpc_71272143_2018034.pdf', 'Marzo_2', 2018),
('71272143', 'zzpc_71272143_2018042.pdf', 'Abril_1', 2018),
('71272143', 'zzpc_71272143_2018044.pdf', 'Abril_2', 2018),
('71272143', 'zzpc_71272143_2018052.pdf', 'Mayo_1', 2018),
('71272143', 'zzpc_71272143_2018054.pdf', 'Mayo_2', 2018),
('71272143', 'zzpc_71272143_2018062.pdf', 'Junio_1', 2018),
('71272143', 'zzpc_71272143_2018064.pdf', 'Junio_2', 2018),
('71272143', 'zzpc_71272143_2018072.pdf', 'Julio_1', 2018),
('71272143', 'zzpc_71272143_2018074.pdf', 'Julio_2', 2018),
('71272143', 'zzpc_71272143_2018082.pdf', 'Agosto_1', 2018),
('71290066', 'zzpc_71290067_2018032.pdf', 'Marzo_1', 2018),
('71290066', 'zzpc_71290067_2018034.pdf', 'Marzo_2', 2018),
('71290066', 'zzpc_71290067_2018042.pdf', 'Abril_1', 2018),
('71290066', 'zzpc_71290067_2018044.pdf', 'Abril_2', 2018),
('71290066', 'zzpc_71290067_2018052.pdf', 'Mayo_1', 2018),
('71290066', 'zzpc_71290067_2018054.pdf', 'Mayo_2', 2018),
('71290066', 'zzpc_71290067_2018062.pdf', 'Junio_1', 2018),
('71290066', 'zzpc_71290067_2018064.pdf', 'Junio_2', 2018),
('71290066', 'zzpc_71290067_2018072.pdf', 'Julio_1', 2018),
('71290066', 'zzpc_71290067_2018074.pdf', 'Julio_2', 2018),
('71290066', 'zzpc_71290067_2018082.pdf', 'Agosto_1', 2018),
('71376056', 'zzpc_71376056_2018032.pdf', 'Marzo_1', 2018),
('71376056', 'zzpc_71376056_2018034.pdf', 'Marzo_2', 2018),
('71376056', 'zzpc_71376056_2018042.pdf', 'Abril_1', 2018),
('71376056', 'zzpc_71376056_2018044.pdf', 'Abril_2', 2018),
('71376056', 'zzpc_71376056_2018052.pdf', 'Mayo_1', 2018),
('71376056', 'zzpc_71376056_2018054.pdf', 'Mayo_2', 2018),
('71376056', 'zzpc_71376056_2018062.pdf', 'Junio_1', 2018),
('71376056', 'zzpc_71376056_2018064.pdf', 'Junio_2', 2018),
('71376698', 'zzpc_71376698_2018032.pdf', 'Marzo_1', 2018),
('71376698', 'zzpc_71376698_2018034.pdf', 'Marzo_2', 2018),
('71376698', 'zzpc_71376698_2018042.pdf', 'Abril_1', 2018),
('71376698', 'zzpc_71376698_2018044.pdf', 'Abril_2', 2018),
('71376698', 'zzpc_71376698_2018052.pdf', 'Mayo_1', 2018),
('71376698', 'zzpc_71376698_2018054.pdf', 'Mayo_2', 2018),
('71376698', 'zzpc_71376698_2018062.pdf', 'Junio_1', 2018),
('71376698', 'zzpc_71376698_2018064.pdf', 'Junio_2', 2018),
('71376698', 'zzpc_71376698_2018072.pdf', 'Julio_1', 2018),
('71376698', 'zzpc_71376698_2018074.pdf', 'Julio_2', 2018),
('71376698', 'zzpc_71376698_2018082.pdf', 'Agosto_1', 2018),
('71420708', 'zzpc_71420708_2018032.pdf', 'Marzo_1', 2018),
('71420708', 'zzpc_71420708_2018034.pdf', 'Marzo_2', 2018),
('71420708', 'zzpc_71420708_2018042.pdf', 'Abril_1', 2018),
('71420708', 'zzpc_71420708_2018044.pdf', 'Abril_2', 2018),
('71420708', 'zzpc_71420708_2018052.pdf', 'Mayo_1', 2018),
('71420708', 'zzpc_71420708_2018054.pdf', 'Mayo_2', 2018),
('71420708', 'zzpc_71420708_2018062.pdf', 'Junio_1', 2018),
('71420708', 'zzpc_71420708_2018064.pdf', 'Junio_2', 2018),
('71420708', 'zzpc_71420708_2018072.pdf', 'Julio_1', 2018),
('71420708', 'zzpc_71420708_2018074.pdf', 'Julio_2', 2018),
('71420708', 'zzpc_71420708_2018082.pdf', 'Agosto_1', 2018),
('71556844', 'zzpc_715568441_2018032.pdf', 'Marzo_1', 2018),
('71556844', 'zzpc_715568441_2018034.pdf', 'Marzo_2', 2018),
('71556844', 'zzpc_715568441_2018042.pdf', 'Abril_1', 2018),
('71556844', 'zzpc_715568441_2018044.pdf', 'Abril_2', 2018),
('71556844', 'zzpc_715568441_2018052.pdf', 'Mayo_1', 2018),
('71556844', 'zzpc_715568441_2018054.pdf', 'Mayo_2', 2018),
('71556844', 'zzpc_715568441_2018062.pdf', 'Junio_1', 2018),
('71556844', 'zzpc_715568441_2018064.pdf', 'Junio_2', 2018),
('71556844', 'zzpc_715568441_2018072.pdf', 'Julio_1', 2018),
('71556844', 'zzpc_715568441_2018074.pdf', 'Julio_2', 2018),
('71556844', 'zzpc_715568441_2018082.pdf', 'Agosto_1', 2018),
('71609341', 'zzpc_71609341_2018032.pdf', 'Marzo_1', 2018),
('71609341', 'zzpc_71609341_2018034.pdf', 'Marzo_2', 2018),
('71609341', 'zzpc_71609341_2018042.pdf', 'Abril_1', 2018),
('71609341', 'zzpc_71609341_2018044.pdf', 'Abril_2', 2018),
('71609341', 'zzpc_71609341_2018052.pdf', 'Mayo_1', 2018),
('71609341', 'zzpc_71609341_2018054.pdf', 'Mayo_2', 2018),
('71609341', 'zzpc_71609341_2018062.pdf', 'Junio_1', 2018),
('71609341', 'zzpc_71609341_2018064.pdf', 'Junio_2', 2018),
('71609341', 'zzpc_71609341_2018072.pdf', 'Julio_1', 2018),
('71609341', 'zzpc_71609341_2018074.pdf', 'Julio_2', 2018),
('71609341', 'zzpc_71609341_2018082.pdf', 'Agosto_1', 2018),
('71635318', 'zzpc_71635321_2018032.pdf', 'Marzo_1', 2018),
('71635318', 'zzpc_71635321_2018034.pdf', 'Marzo_2', 2018),
('71635318', 'zzpc_71635321_2018042.pdf', 'Abril_1', 2018),
('71635318', 'zzpc_71635321_2018044.pdf', 'Abril_2', 2018),
('71635318', 'zzpc_71635321_2018052.pdf', 'Mayo_1', 2018),
('71635318', 'zzpc_71635321_2018054.pdf', 'Mayo_2', 2018),
('71635318', 'zzpc_71635321_2018062.pdf', 'Junio_1', 2018),
('71635318', 'zzpc_71635321_2018064.pdf', 'Junio_2', 2018),
('71635318', 'zzpc_71635321_2018072.pdf', 'Julio_1', 2018),
('71635318', 'zzpc_71635321_2018074.pdf', 'Julio_2', 2018),
('71635318', 'zzpc_71635321_2018082.pdf', 'Agosto_1', 2018),
('71651654', 'zzpc_71651654_2018032.pdf', 'Marzo_1', 2018),
('71651654', 'zzpc_71651654_2018034.pdf', 'Marzo_2', 2018),
('71651654', 'zzpc_71651654_2018042.pdf', 'Abril_1', 2018),
('71651654', 'zzpc_71651654_2018044.pdf', 'Abril_2', 2018),
('71651654', 'zzpc_71651654_2018052.pdf', 'Mayo_1', 2018),
('71651654', 'zzpc_71651654_2018054.pdf', 'Mayo_2', 2018),
('71651654', 'zzpc_71651654_2018062.pdf', 'Junio_1', 2018),
('71651654', 'zzpc_71651654_2018064.pdf', 'Junio_2', 2018),
('71651654', 'zzpc_71651654_2018072.pdf', 'Julio_1', 2018),
('71651654', 'zzpc_71651654_2018074.pdf', 'Julio_2', 2018),
('71651654', 'zzpc_71651654_2018082.pdf', 'Agosto_1', 2018),
('71683373', 'zzpc_71683375_2018032.pdf', 'Marzo_1', 2018),
('71683373', 'zzpc_71683375_2018034.pdf', 'Marzo_2', 2018),
('71683373', 'zzpc_71683375_2018042.pdf', 'Abril_1', 2018),
('71683373', 'zzpc_71683375_2018044.pdf', 'Abril_2', 2018),
('71683373', 'zzpc_71683375_2018052.pdf', 'Mayo_1', 2018),
('71683373', 'zzpc_71683375_2018054.pdf', 'Mayo_2', 2018),
('71683373', 'zzpc_71683375_2018062.pdf', 'Junio_1', 2018),
('71683373', 'zzpc_71683375_2018064.pdf', 'Junio_2', 2018),
('71683373', 'zzpc_71683375_2018072.pdf', 'Julio_1', 2018),
('71683373', 'zzpc_71683375_2018074.pdf', 'Julio_2', 2018),
('71683373', 'zzpc_71683375_2018082.pdf', 'Agosto_1', 2018),
('71697723', 'zzpc_71697726_2018032.pdf', 'Marzo_1', 2018),
('71697723', 'zzpc_71697726_2018034.pdf', 'Marzo_2', 2018),
('71697723', 'zzpc_71697726_2018042.pdf', 'Abril_1', 2018),
('71697723', 'zzpc_71697726_2018044.pdf', 'Abril_2', 2018),
('71697723', 'zzpc_71697726_2018052.pdf', 'Mayo_1', 2018),
('71697723', 'zzpc_71697726_2018054.pdf', 'Mayo_2', 2018),
('71697723', 'zzpc_71697726_2018062.pdf', 'Junio_1', 2018),
('71697723', 'zzpc_71697726_2018064.pdf', 'Junio_2', 2018),
('71697723', 'zzpc_71697726_2018072.pdf', 'Julio_1', 2018),
('71697723', 'zzpc_71697726_2018074.pdf', 'Julio_2', 2018),
('71697723', 'zzpc_71697726_2018082.pdf', 'Agosto_1', 2018),
('71701376', 'zzpc_71701377_2018032.pdf', 'Marzo_1', 2018),
('71701376', 'zzpc_71701377_2018034.pdf', 'Marzo_2', 2018),
('71701376', 'zzpc_71701377_2018042.pdf', 'Abril_1', 2018),
('71701376', 'zzpc_71701377_2018044.pdf', 'Abril_2', 2018),
('71701376', 'zzpc_71701377_2018052.pdf', 'Mayo_1', 2018),
('71701376', 'zzpc_71701377_2018054.pdf', 'Mayo_2', 2018),
('71701376', 'zzpc_71701377_2018062.pdf', 'Junio_1', 2018),
('71701376', 'zzpc_71701377_2018064.pdf', 'Junio_2', 2018),
('71701376', 'zzpc_71701377_2018072.pdf', 'Julio_1', 2018),
('71701376', 'zzpc_71701377_2018074.pdf', 'Julio_2', 2018),
('71701376', 'zzpc_71701377_2018082.pdf', 'Agosto_1', 2018),
('71702511', 'zzpc_71702512_2018032.pdf', 'Marzo_1', 2018);
INSERT INTO `archivos` (`usuario`, `archivo`, `mes`, `año`) VALUES
('71702511', 'zzpc_71702512_2018034.pdf', 'Marzo_2', 2018),
('71702511', 'zzpc_71702512_2018042.pdf', 'Abril_1', 2018),
('71702511', 'zzpc_71702512_2018044.pdf', 'Abril_2', 2018),
('71702511', 'zzpc_71702512_2018052.pdf', 'Mayo_1', 2018),
('71702511', 'zzpc_71702512_2018054.pdf', 'Mayo_2', 2018),
('71702511', 'zzpc_71702512_2018062.pdf', 'Junio_1', 2018),
('71702511', 'zzpc_71702512_2018064.pdf', 'Junio_2', 2018),
('71702511', 'zzpc_71702512_2018072.pdf', 'Julio_1', 2018),
('71702511', 'zzpc_71702512_2018074.pdf', 'Julio_2', 2018),
('71702511', 'zzpc_71702512_2018082.pdf', 'Agosto_1', 2018),
('71711887', 'zzpc_71711887_2018032.pdf', 'Marzo_1', 2018),
('71711887', 'zzpc_71711887_2018034.pdf', 'Marzo_2', 2018),
('71711887', 'zzpc_71711887_2018042.pdf', 'Abril_1', 2018),
('71711887', 'zzpc_71711887_2018044.pdf', 'Abril_2', 2018),
('71711887', 'zzpc_71711887_2018052.pdf', 'Mayo_1', 2018),
('71711887', 'zzpc_71711887_2018054.pdf', 'Mayo_2', 2018),
('71711887', 'zzpc_71711887_2018062.pdf', 'Junio_1', 2018),
('71711887', 'zzpc_71711887_2018064.pdf', 'Junio_2', 2018),
('71711887', 'zzpc_71711887_2018072.pdf', 'Julio_1', 2018),
('71711887', 'zzpc_71711887_2018074.pdf', 'Julio_2', 2018),
('71711887', 'zzpc_71711887_2018082.pdf', 'Agosto_1', 2018),
('71730398', 'zzpc_71730400_2018032.pdf', 'Marzo_1', 2018),
('71730398', 'zzpc_71730400_2018034.pdf', 'Marzo_2', 2018),
('71730398', 'zzpc_71730400_2018042.pdf', 'Abril_1', 2018),
('71730398', 'zzpc_71730400_2018044.pdf', 'Abril_2', 2018),
('71730398', 'zzpc_71730400_2018052.pdf', 'Mayo_1', 2018),
('71730398', 'zzpc_71730400_2018054.pdf', 'Mayo_2', 2018),
('71730398', 'zzpc_71730400_2018062.pdf', 'Junio_1', 2018),
('71730398', 'zzpc_71730400_2018064.pdf', 'Junio_2', 2018),
('71730398', 'zzpc_71730400_2018072.pdf', 'Julio_1', 2018),
('71730398', 'zzpc_71730400_2018074.pdf', 'Julio_2', 2018),
('71730398', 'zzpc_71730400_2018082.pdf', 'Agosto_1', 2018),
('71741747', 'zzpc_71741747_2018032.pdf', 'Marzo_1', 2018),
('71741747', 'zzpc_71741747_2018034.pdf', 'Marzo_2', 2018),
('71741747', 'zzpc_71741747_2018042.pdf', 'Abril_1', 2018),
('71741747', 'zzpc_71741747_2018044.pdf', 'Abril_2', 2018),
('71741747', 'zzpc_71741747_2018052.pdf', 'Mayo_1', 2018),
('71741747', 'zzpc_71741747_2018054.pdf', 'Mayo_2', 2018),
('71741747', 'zzpc_71741747_2018062.pdf', 'Junio_1', 2018),
('71741747', 'zzpc_71741747_2018064.pdf', 'Junio_2', 2018),
('71741747', 'zzpc_71741747_2018072.pdf', 'Julio_1', 2018),
('71741747', 'zzpc_71741747_2018074.pdf', 'Julio_2', 2018),
('71741747', 'zzpc_71741747_2018082.pdf', 'Agosto_1', 2018),
('71753347', 'zzpc_71753347_2018032.pdf', 'Marzo_1', 2018),
('71753347', 'zzpc_71753347_2018034.pdf', 'Marzo_2', 2018),
('71753347', 'zzpc_71753347_2018042.pdf', 'Abril_1', 2018),
('71753347', 'zzpc_71753347_2018044.pdf', 'Abril_2', 2018),
('71753347', 'zzpc_71753347_2018052.pdf', 'Mayo_1', 2018),
('71753347', 'zzpc_71753347_2018054.pdf', 'Mayo_2', 2018),
('71753347', 'zzpc_71753347_2018062.pdf', 'Junio_1', 2018),
('71753347', 'zzpc_71753347_2018064.pdf', 'Junio_2', 2018),
('71753347', 'zzpc_71753347_2018072.pdf', 'Julio_1', 2018),
('71753347', 'zzpc_71753347_2018074.pdf', 'Julio_2', 2018),
('71753347', 'zzpc_71753347_2018082.pdf', 'Agosto_1', 2018),
('71756215', 'zzpc_71756216_2018032.pdf', 'Marzo_1', 2018),
('71756215', 'zzpc_71756216_2018034.pdf', 'Marzo_2', 2018),
('71756215', 'zzpc_71756216_2018042.pdf', 'Abril_1', 2018),
('71756215', 'zzpc_71756216_2018044.pdf', 'Abril_2', 2018),
('71756215', 'zzpc_71756216_2018052.pdf', 'Mayo_1', 2018),
('71756215', 'zzpc_71756216_2018054.pdf', 'Mayo_2', 2018),
('71756215', 'zzpc_71756216_2018062.pdf', 'Junio_1', 2018),
('71756215', 'zzpc_71756216_2018064.pdf', 'Junio_2', 2018),
('71756215', 'zzpc_71756216_2018072.pdf', 'Julio_1', 2018),
('71756215', 'zzpc_71756216_2018074.pdf', 'Julio_2', 2018),
('71756215', 'zzpc_71756216_2018082.pdf', 'Agosto_1', 2018),
('71781287', 'zzpc_71781287_2018032.pdf', 'Marzo_1', 2018),
('71781287', 'zzpc_71781287_2018034.pdf', 'Marzo_2', 2018),
('71781287', 'zzpc_71781287_2018042.pdf', 'Abril_1', 2018),
('71781287', 'zzpc_71781287_2018044.pdf', 'Abril_2', 2018),
('71781287', 'zzpc_71781287_2018052.pdf', 'Mayo_1', 2018),
('71781287', 'zzpc_71781287_2018054.pdf', 'Mayo_2', 2018),
('71781287', 'zzpc_71781287_2018062.pdf', 'Junio_1', 2018),
('71781287', 'zzpc_71781287_2018064.pdf', 'Junio_2', 2018),
('71781287', 'zzpc_71781287_2018072.pdf', 'Julio_1', 2018),
('71781287', 'zzpc_71781287_2018074.pdf', 'Julio_2', 2018),
('71781287', 'zzpc_71781287_2018082.pdf', 'Agosto_1', 2018),
('71795318', 'zzpc_71795318_2018032.pdf', 'Marzo_1', 2018),
('71795318', 'zzpc_71795318_2018034.pdf', 'Marzo_2', 2018),
('71795318', 'zzpc_71795318_2018042.pdf', 'Abril_1', 2018),
('71795318', 'zzpc_71795318_2018044.pdf', 'Abril_2', 2018),
('71992798', 'zzpc_71992799_2018032.pdf', 'Marzo_1', 2018),
('71992798', 'zzpc_71992799_2018034.pdf', 'Marzo_2', 2018),
('71992798', 'zzpc_71992799_2018042.pdf', 'Abril_1', 2018),
('71992798', 'zzpc_71992799_2018044.pdf', 'Abril_2', 2018),
('71992798', 'zzpc_71992799_2018052.pdf', 'Mayo_1', 2018),
('71992798', 'zzpc_71992799_2018054.pdf', 'Mayo_2', 2018),
('71992798', 'zzpc_71992799_2018062.pdf', 'Junio_1', 2018),
('71992798', 'zzpc_71992799_2018064.pdf', 'Junio_2', 2018),
('71992798', 'zzpc_71992799_2018072.pdf', 'Julio_1', 2018),
('71992798', 'zzpc_71992799_2018074.pdf', 'Julio_2', 2018),
('71992798', 'zzpc_71992799_2018082.pdf', 'Agosto_1', 2018),
('71992857', 'zzpc_71992858_2018032.pdf', 'Marzo_1', 2018),
('71992857', 'zzpc_71992858_2018034.pdf', 'Marzo_2', 2018),
('71992857', 'zzpc_71992858_2018042.pdf', 'Abril_1', 2018),
('71992857', 'zzpc_71992858_2018044.pdf', 'Abril_2', 2018),
('71992857', 'zzpc_71992858_2018052.pdf', 'Mayo_1', 2018),
('71992857', 'zzpc_71992858_2018054.pdf', 'Mayo_2', 2018),
('71992857', 'zzpc_71992858_2018062.pdf', 'Junio_1', 2018),
('71992857', 'zzpc_71992858_2018064.pdf', 'Junio_2', 2018),
('71992857', 'zzpc_71992858_2018072.pdf', 'Julio_1', 2018),
('71992857', 'zzpc_71992858_2018074.pdf', 'Julio_2', 2018),
('71992857', 'zzpc_71992858_2018082.pdf', 'Agosto_1', 2018),
('79323566', 'zzpc_79323566_2018032.pdf', 'Marzo_1', 2018),
('79323566', 'zzpc_79323566_2018034.pdf', 'Marzo_2', 2018),
('79323566', 'zzpc_79323566_2018042.pdf', 'Abril_1', 2018),
('79323566', 'zzpc_79323566_2018044.pdf', 'Abril_2', 2018),
('79323566', 'zzpc_79323566_2018052.pdf', 'Mayo_1', 2018),
('79323566', 'zzpc_79323566_2018054.pdf', 'Mayo_2', 2018),
('79323566', 'zzpc_79323566_2018062.pdf', 'Junio_1', 2018),
('79323566', 'zzpc_79323566_2018064.pdf', 'Junio_2', 2018),
('79323566', 'zzpc_79323566_2018072.pdf', 'Julio_1', 2018),
('79323566', 'zzpc_79323566_2018074.pdf', 'Julio_2', 2018),
('79323566', 'zzpc_79323566_2018082.pdf', 'Agosto_1', 2018),
('8029791', 'zzpc_8029792_2018032.pdf', 'Marzo_1', 2018),
('8029791', 'zzpc_8029792_2018034.pdf', 'Marzo_2', 2018),
('8029791', 'zzpc_8029792_2018042.pdf', 'Abril_1', 2018),
('8029791', 'zzpc_8029792_2018044.pdf', 'Abril_2', 2018),
('8029791', 'zzpc_8029792_2018052.pdf', 'Mayo_1', 2018),
('8029791', 'zzpc_8029792_2018054.pdf', 'Mayo_2', 2018),
('8029791', 'zzpc_8029792_2018062.pdf', 'Junio_1', 2018),
('8029791', 'zzpc_8029792_2018064.pdf', 'Junio_2', 2018),
('8029791', 'zzpc_8029792_2018072.pdf', 'Julio_1', 2018),
('8029791', 'zzpc_8029792_2018074.pdf', 'Julio_2', 2018),
('8029791', 'zzpc_8029792_2018082.pdf', 'Agosto_1', 2018),
('8061871', 'zzpc_8061872_2018034.pdf', 'Marzo_2', 2018),
('8061871', 'zzpc_8061872_2018042.pdf', 'Abril_1', 2018),
('8061871', 'zzpc_8061872_2018044.pdf', 'Abril_2', 2018),
('8061871', 'zzpc_8061872_2018052.pdf', 'Mayo_1', 2018),
('8061871', 'zzpc_8061872_2018054.pdf', 'Mayo_2', 2018),
('8061871', 'zzpc_8061872_2018062.pdf', 'Junio_1', 2018),
('8061871', 'zzpc_8061872_2018064.pdf', 'Junio_2', 2018),
('8061871', 'zzpc_8061872_2018072.pdf', 'Julio_1', 2018),
('8061871', 'zzpc_8061872_2018074.pdf', 'Julio_2', 2018),
('8061871', 'zzpc_8061872_2018082.pdf', 'Agosto_1', 2018),
('8163032', 'zzpc_8163032_2018032.pdf', 'Marzo_1', 2018),
('8163032', 'zzpc_8163032_2018034.pdf', 'Marzo_2', 2018),
('8163032', 'zzpc_8163032_2018042.pdf', 'Abril_1', 2018),
('8163032', 'zzpc_8163032_2018044.pdf', 'Abril_2', 2018),
('8163032', 'zzpc_8163032_2018052.pdf', 'Mayo_1', 2018),
('8163032', 'zzpc_8163032_2018054.pdf', 'Mayo_2', 2018),
('8163032', 'zzpc_8163032_2018062.pdf', 'Junio_1', 2018),
('8163032', 'zzpc_8163032_2018064.pdf', 'Junio_2', 2018),
('8163032', 'zzpc_8163032_2018072.pdf', 'Julio_1', 2018),
('8163032', 'zzpc_8163032_2018074.pdf', 'Julio_2', 2018),
('8163032', 'zzpc_8163032_2018082.pdf', 'Agosto_1', 2018),
('8175479', 'zzpc_8175479_2018032.pdf', 'Marzo_1', 2018),
('8175479', 'zzpc_8175479_2018034.pdf', 'Marzo_2', 2018),
('8175479', 'zzpc_8175479_2018042.pdf', 'Abril_1', 2018),
('8175479', 'zzpc_8175479_2018044.pdf', 'Abril_2', 2018),
('8175479', 'zzpc_8175479_2018052.pdf', 'Mayo_1', 2018),
('8400825', 'zzpc_8400826_2018032.pdf', 'Marzo_1', 2018),
('8400825', 'zzpc_8400826_2018034.pdf', 'Marzo_2', 2018),
('8400825', 'zzpc_8400826_2018042.pdf', 'Abril_1', 2018),
('8400825', 'zzpc_8400826_2018044.pdf', 'Abril_2', 2018),
('8400825', 'zzpc_8400826_2018052.pdf', 'Mayo_1', 2018),
('8400825', 'zzpc_8400826_2018054.pdf', 'Mayo_2', 2018),
('8400825', 'zzpc_8400826_2018062.pdf', 'Junio_1', 2018),
('8400825', 'zzpc_8400826_2018064.pdf', 'Junio_2', 2018),
('8400825', 'zzpc_8400826_2018072.pdf', 'Julio_1', 2018),
('8400825', 'zzpc_8400826_2018074.pdf', 'Julio_2', 2018),
('8400825', 'zzpc_8400826_2018082.pdf', 'Agosto_1', 2018),
('8466026', 'zzpc_8466026_2018032.pdf', 'Marzo_1', 2018),
('8466026', 'zzpc_8466026_2018034.pdf', 'Marzo_2', 2018),
('8466026', 'zzpc_8466026_2018042.pdf', 'Abril_1', 2018),
('8466026', 'zzpc_8466026_2018044.pdf', 'Abril_2', 2018),
('8466026', 'zzpc_8466026_2018052.pdf', 'Mayo_1', 2018),
('8466026', 'zzpc_8466026_2018054.pdf', 'Mayo_2', 2018),
('8466026', 'zzpc_8466026_2018062.pdf', 'Junio_1', 2018),
('8466026', 'zzpc_8466026_2018064.pdf', 'Junio_2', 2018),
('8466026', 'zzpc_8466026_2018072.pdf', 'Julio_1', 2018),
('8466026', 'zzpc_8466026_2018074.pdf', 'Julio_2', 2018),
('8466026', 'zzpc_8466026_2018082.pdf', 'Agosto_1', 2018),
('93060149', 'zzpc_93060149_2018032.pdf', 'Marzo_1', 2018),
('93060149', 'zzpc_93060149_2018034.pdf', 'Marzo_2', 2018),
('93060149', 'zzpc_93060149_2018042.pdf', 'Abril_1', 2018),
('93060149', 'zzpc_93060149_2018044.pdf', 'Abril_2', 2018),
('93060149', 'zzpc_93060149_2018052.pdf', 'Mayo_1', 2018),
('93060149', 'zzpc_93060149_2018054.pdf', 'Mayo_2', 2018),
('93060149', 'zzpc_93060149_2018062.pdf', 'Junio_1', 2018),
('93060149', 'zzpc_93060149_2018064.pdf', 'Junio_2', 2018),
('93060149', 'zzpc_93060149_2018072.pdf', 'Julio_1', 2018),
('93060149', 'zzpc_93060149_2018074.pdf', 'Julio_2', 2018),
('93060149', 'zzpc_93060149_2018082.pdf', 'Agosto_1', 2018),
('98494054', 'zzpc_98494055_2018032.pdf', 'Marzo_1', 2018),
('98494054', 'zzpc_98494055_2018034.pdf', 'Marzo_2', 2018),
('98494054', 'zzpc_98494055_2018042.pdf', 'Abril_1', 2018),
('98494054', 'zzpc_98494055_2018044.pdf', 'Abril_2', 2018),
('98494054', 'zzpc_98494055_2018052.pdf', 'Mayo_1', 2018),
('98494054', 'zzpc_98494055_2018054.pdf', 'Mayo_2', 2018),
('98494054', 'zzpc_98494055_2018062.pdf', 'Junio_1', 2018),
('98494054', 'zzpc_98494055_2018064.pdf', 'Junio_2', 2018),
('98494054', 'zzpc_98494055_2018072.pdf', 'Julio_1', 2018),
('98494054', 'zzpc_98494055_2018074.pdf', 'Julio_2', 2018),
('98494054', 'zzpc_98494055_2018082.pdf', 'Agosto_1', 2018),
('98510189', 'zzpc_98510189_2018032.pdf', 'Marzo_1', 2018),
('98510189', 'zzpc_98510189_2018034.pdf', 'Marzo_2', 2018),
('98510189', 'zzpc_98510189_2018042.pdf', 'Abril_1', 2018),
('98510189', 'zzpc_98510189_2018044.pdf', 'Abril_2', 2018),
('98510189', 'zzpc_98510189_2018052.pdf', 'Mayo_1', 2018),
('98510189', 'zzpc_98510189_2018054.pdf', 'Mayo_2', 2018),
('98510189', 'zzpc_98510189_2018062.pdf', 'Junio_1', 2018),
('98510189', 'zzpc_98510189_2018064.pdf', 'Junio_2', 2018),
('98510189', 'zzpc_98510189_2018072.pdf', 'Julio_1', 2018),
('98510189', 'zzpc_98510189_2018074.pdf', 'Julio_2', 2018),
('98510189', 'zzpc_98510189_2018082.pdf', 'Agosto_1', 2018),
('98560618', 'zzpc_98560618_2018032.pdf', 'Marzo_1', 2018),
('98560618', 'zzpc_98560618_2018034.pdf', 'Marzo_2', 2018),
('98560618', 'zzpc_98560618_2018042.pdf', 'Abril_1', 2018),
('98560618', 'zzpc_98560618_2018044.pdf', 'Abril_2', 2018),
('98560618', 'zzpc_98560618_2018052.pdf', 'Mayo_1', 2018),
('98560618', 'zzpc_98560618_2018054.pdf', 'Mayo_2', 2018),
('98560618', 'zzpc_98560618_2018062.pdf', 'Junio_1', 2018),
('98560618', 'zzpc_98560618_2018064.pdf', 'Junio_2', 2018),
('98560618', 'zzpc_98560618_2018072.pdf', 'Julio_1', 2018),
('98560618', 'zzpc_98560618_2018074.pdf', 'Julio_2', 2018),
('98560618', 'zzpc_98560618_2018082.pdf', 'Agosto_1', 2018),
('98561159', 'zzpc_98561162_2018032.pdf', 'Marzo_1', 2018),
('98561159', 'zzpc_98561162_2018034.pdf', 'Marzo_2', 2018),
('98561159', 'zzpc_98561162_2018042.pdf', 'Abril_1', 2018),
('98561159', 'zzpc_98561162_2018044.pdf', 'Abril_2', 2018),
('98561159', 'zzpc_98561162_2018052.pdf', 'Mayo_1', 2018),
('98561159', 'zzpc_98561162_2018054.pdf', 'Mayo_2', 2018),
('98561159', 'zzpc_98561162_2018062.pdf', 'Junio_1', 2018),
('98561159', 'zzpc_98561162_2018064.pdf', 'Junio_2', 2018),
('98561159', 'zzpc_98561162_2018072.pdf', 'Julio_1', 2018),
('98561159', 'zzpc_98561162_2018074.pdf', 'Julio_2', 2018),
('98561159', 'zzpc_98561162_2018082.pdf', 'Agosto_1', 2018),
('98592517', 'zzpc_98592517_2018032.pdf', 'Marzo_1', 2018),
('98592517', 'zzpc_98592517_2018034.pdf', 'Marzo_2', 2018),
('98592517', 'zzpc_98592517_2018042.pdf', 'Abril_1', 2018),
('98592517', 'zzpc_98592517_2018044.pdf', 'Abril_2', 2018),
('98592517', 'zzpc_98592517_2018052.pdf', 'Mayo_1', 2018),
('98592517', 'zzpc_98592517_2018054.pdf', 'Mayo_2', 2018),
('98592517', 'zzpc_98592517_2018062.pdf', 'Junio_1', 2018),
('98592517', 'zzpc_98592517_2018064.pdf', 'Junio_2', 2018),
('98592517', 'zzpc_98592517_2018072.pdf', 'Julio_1', 2018),
('98592517', 'zzpc_98592517_2018074.pdf', 'Julio_2', 2018),
('98592517', 'zzpc_98592517_2018082.pdf', 'Agosto_1', 2018),
('98595189', 'zzpc_98595192_2018032.pdf', 'Marzo_1', 2018),
('98595189', 'zzpc_98595192_2018034.pdf', 'Marzo_2', 2018),
('98595189', 'zzpc_98595192_2018042.pdf', 'Abril_1', 2018),
('98595189', 'zzpc_98595192_2018044.pdf', 'Abril_2', 2018),
('98595189', 'zzpc_98595192_2018052.pdf', 'Mayo_1', 2018),
('98595189', 'zzpc_98595192_2018054.pdf', 'Mayo_2', 2018),
('98595189', 'zzpc_98595192_2018062.pdf', 'Junio_1', 2018),
('98595189', 'zzpc_98595192_2018064.pdf', 'Junio_2', 2018),
('98595189', 'zzpc_98595192_2018072.pdf', 'Julio_1', 2018),
('98595189', 'zzpc_98595192_2018074.pdf', 'Julio_2', 2018),
('98595189', 'zzpc_98595192_2018082.pdf', 'Agosto_1', 2018),
('98623310', 'zzpc_98623310_2018032.pdf', 'Marzo_1', 2018),
('98623310', 'zzpc_98623310_2018034.pdf', 'Marzo_2', 2018),
('98623310', 'zzpc_98623310_2018042.pdf', 'Abril_1', 2018),
('98623310', 'zzpc_98623310_2018044.pdf', 'Abril_2', 2018),
('98623310', 'zzpc_98623310_2018052.pdf', 'Mayo_1', 2018),
('98623310', 'zzpc_98623310_2018054.pdf', 'Mayo_2', 2018),
('98623310', 'zzpc_98623310_2018062.pdf', 'Junio_1', 2018),
('98623310', 'zzpc_98623310_2018064.pdf', 'Junio_2', 2018),
('98623310', 'zzpc_98623310_2018072.pdf', 'Julio_1', 2018),
('98623310', 'zzpc_98623310_2018074.pdf', 'Julio_2', 2018),
('98623310', 'zzpc_98623310_2018082.pdf', 'Agosto_1', 2018),
('98637980', 'zzpc_98637980_2018032.pdf', 'Marzo_1', 2018),
('98637980', 'zzpc_98637980_2018034.pdf', 'Marzo_2', 2018),
('98637980', 'zzpc_98637980_2018042.pdf', 'Abril_1', 2018),
('98637980', 'zzpc_98637980_2018044.pdf', 'Abril_2', 2018),
('98637980', 'zzpc_98637980_2018052.pdf', 'Mayo_1', 2018),
('98637980', 'zzpc_98637980_2018054.pdf', 'Mayo_2', 2018),
('98637980', 'zzpc_98637980_2018062.pdf', 'Junio_1', 2018),
('98637980', 'zzpc_98637980_2018064.pdf', 'Junio_2', 2018),
('98637980', 'zzpc_98637980_2018072.pdf', 'Julio_1', 2018),
('98637980', 'zzpc_98637980_2018074.pdf', 'Julio_2', 2018),
('98637980', 'zzpc_98637980_2018082.pdf', 'Agosto_1', 2018),
('98649321', 'zzpc_98649321_2018032.pdf', 'Marzo_1', 2018),
('98649321', 'zzpc_98649321_2018034.pdf', 'Marzo_2', 2018),
('98649321', 'zzpc_98649321_2018042.pdf', 'Abril_1', 2018),
('98649321', 'zzpc_98649321_2018044.pdf', 'Abril_2', 2018),
('98649321', 'zzpc_98649321_2018052.pdf', 'Mayo_1', 2018),
('98649321', 'zzpc_98649321_2018054.pdf', 'Mayo_2', 2018),
('98649321', 'zzpc_98649321_2018062.pdf', 'Junio_1', 2018),
('98649321', 'zzpc_98649321_2018064.pdf', 'Junio_2', 2018),
('98649321', 'zzpc_98649321_2018072.pdf', 'Julio_1', 2018),
('98649321', 'zzpc_98649321_2018074.pdf', 'Julio_2', 2018),
('98649321', 'zzpc_98649321_2018082.pdf', 'Agosto_1', 2018);

-- --------------------------------------------------------

--
-- Estructura de tabla para la tabla `categorias`
--

CREATE TABLE `categorias` (
  `ID_Categoria` int(11) NOT NULL,
  `categoria` varchar(45) NOT NULL,
  `descripcion` varchar(255) NOT NULL,
  `ruta` varchar(140) NOT NULL
) ENGINE=InnoDB DEFAULT CHARSET=latin1;

--
-- Volcado de datos para la tabla `categorias`
--

INSERT INTO `categorias` (`ID_Categoria`, `categoria`, `descripcion`, `ruta`) VALUES
(1, 'Sección Multimedia', 'Esta es una sección de videos explicativos.', 'multimedia.php'),
(2, 'Material Académico', 'Esta sección incluye material académico para descargar.', 'material.php'),
(3, 'Tareas', 'Esta sección presenta una serie de tareas para los alumnos.', 'tareas.php'),
(4, 'Curiosidades', 'Frases célebres, proverbios y adivinanzas.', 'curiosidades.php'),
(5, 'Descargas', 'Aquí puedes descargar tu colilla de pago.', 'descargas.php'),
(6, 'Cambio de Clave', 'Formulario para cambio de contraseña', 'cambioclave.php'),
(7, 'Actualizacion de Datos', 'Esta sección le direccionará a un formulario de actualización de datos', 'actualizar.php');

-- --------------------------------------------------------

--
-- Estructura de tabla para la tabla `datospersonales`
--

CREATE TABLE `datospersonales` (
  `usuario` varchar(45) NOT NULL,
  `nombre` varchar(65) DEFAULT NULL,
  `email` varchar(45) DEFAULT NULL
) ENGINE=InnoDB DEFAULT CHARSET=latin1;

--
-- Volcado de datos para la tabla `datospersonales`
--

INSERT INTO `datospersonales` (`usuario`, `nombre`, `email`) VALUES
('1000405622', 'Yenny Tatiana Pineda Lopez', 'yeta-pilo18@hotmail.com'),
('1017157783', 'Sandra Marcela Sepulveda Barrientos', 'smsepulveda@litoempaques.com'),
('1017266557', 'Juan Manuel Bedoya Carvajal', 'gestioncomercial@litoempaques.com'),
('1035871409', 'Juan Fernando Machado Moreno', 'jmachadomoren14@gmail.com'),
('1036599935', 'Alexis Evelio Parra Marín', 'alexisparra86@live.com'),
('1036620214', 'Johana Carolina Velez Quintero', 'carovelez1010@gmail.com'),
('1036672517', 'Sebastián Córdoba Melo', 'sebasmelo17@gmail.com'),
('1037577118', 'Yeison Doney Montoya Gil', 'ymontoya14@gmail.com'),
('1037591271', 'Leidy Yohana Alvarez Ortiz', 'lei_dy_413@hotmail.com'),
('1037604625', 'Jhonatan Velásquez Velez', 'jhonatanvv182dogu@gmail.com'),
('1037615192', 'Jenny Alejandra Alvarez Posada', 'jaalvarez@litoempaques.com'),
('1037638782', 'Nataly Tamayo Gómez', 'ntamayo@litoempaques.com'),
('1037648839', 'Claudia Mariana Arango Zapata', 'riana-27@hotmail.com'),
('1039451492', 'Jhoana Marcela Salazar López', 'jhoanasalazar627@hotmail.com'),
('1040745141', 'Luis Fernando Jaramillo Agudelo', 'luisjaramillo91@hotmail.com'),
('1047373690', 'Jorge Andres Gómez Arcila', 'jandresgomezarcila@hotmail.com'),
('1048017009', 'Alder Esteban Torres Serna', 'aetorres@litoempaques.com'),
('1067090843', 'Iván Samith David Caldera', 'ivansamithdavid2686@hotmail.com'),
('1088276258', 'Andres Mauricio Romero Sánchez', 'amromeros155@gmail.com'),
('1091807928', 'Cindy Katerine Gaona Torres', 'kate.gaona1@outlook.com'),
('1128434296', 'Odalys Yacel Góez Parra ', 'odalisyacel@hotmail.com'),
('1128440173', 'Daiman Alirio Zapata Sierra', 'deiman1991@hotmail.com'),
('1152218316', 'Andrés Felipe Mejía García', 'dinmejia@hotmail.com'),
('1152686634', 'Deivy Duván Echeverrí Ríos ', 'yurycris06@hotmail.com'),
('1152711552', 'Santiago González Gómez', '98santiago@hotmail.es'),
('15259919', 'Daniel Flórez Mejía', 'Dfm.1966@hotmail.com'),
('15329077', 'Carlos Antonio Valencia Hoyos', 'valenciac724@gmail.com'),
('15370044', 'Juan Esteban Berrío', 'practsistemas@litoempaques.com'),
('15458977', 'Juan Guillermo Garcia Cano', 'jguillermo13@hotmail.com'),
('15517761', 'Diego Alejandro Castrillón Delgado', 'dicastri84@hotmail.com'),
('15931300', 'Elibey De Jesus Largo Largo', 'llelibey@hotmail.com'),
('16716511', 'Jair Zúñiga Azcarate', 'JAIRZU@HOTMAIL.COM'),
('21533475', 'Maria Deisy Garzón Taborda', 'deisysteed1811@hotmail.com'),
('21533662', 'Erika Patricia Hurtado Muñoz', 'ephurtado@litoempaques.com'),
('21852970', 'Ligia Ester Higuita Caro', 'lehiguita@litoempaques.com'),
('32241613', 'Paula Andrea Maya Calle', 'paolamaya525@gmail.com'),
('32259358', 'Luz Milley Osorio ', 'milleyosorio@hotmail.com'),
('3396203', 'Carlos Andres Balbín Zapata', 'CARLOSBALBINA0114@HOTMAIL.COM'),
('3567491', 'Hernán Antonio Bermúdez Garcia', 'merdermu54@gmail.com'),
('3593356', 'Héctor Mario Rendon Suaza', 'marior1986@hotmail.com'),
('39358132', 'Luz Edilia Londoño Velásquez', 'edilialon80@hotmail.com'),
('42788414', 'Adriana Cecilia Rivera Restrepo', 'adrianarr0624@gmail.com'),
('42788438', 'Luz Fannery Sanchez Mazo', 'luzfane71@gmail.com'),
('42789957', 'Gennifer Maria Garcia Mattos', 'gennimattos2@hotmail.es'),
('42823578', 'Luz Odila Jiménez Rendon', 'aleja-2009@outoolk.com'),
('43102839', 'Luz Janeth Ríos Garcia', 'jannethrios18@yahoo.com'),
('43104048', 'Berta Cecilia Londoño Rodríguez', 'bclondoño15@gmail.com'),
('43162571', 'Mónica Andrea Yepes Bedoya', 'monikyep@hotmail.com'),
('43277073', 'Luz Marina Carvajal Grisales', 'luznina1221@hotmail.com'),
('43284285', 'Sandra Maria Calle Carvajal', 'samaca29@hotmail.com'),
('43522810', 'Luz Diony Sepulveda Jaramillo', 'luzdi1205@gmail.com'),
('43639504', 'Guillermina Santiago Jaramillo', 'maty8578@hotmail.com'),
('43813703', 'Maria Judit Parra Vasco', 'judit1@hotmail.com'),
('43826231', 'Gloria Estella Restrepo Muñoz', 'rgloria488@gmail.com'),
('43840424', 'Luz Magali Iral ', 'luzmagaliiral@hotmail.com'),
('43847714', 'Lina Marcela Zapata ', 'linasz13@hotmail.com'),
('43922089', 'Maria Isabel Gutierrez Rodríguez', 'migutierrez@litoempaques.com'),
('43991483', 'Natalia Valencia ', 'nvalencia@litoempaques.com'),
('43996637', 'Viviana Jazmín Castrillón Taborda', 'viyacata@hotmail.com'),
('70432597', 'Carlos Enrique Mazo Arango', 'cemazo@hotmail.com'),
('70433806', 'Luis Guillermo Castaño Mazo', 'lgcastano@litoempaques.com'),
('70516706', 'José Guillermo Bustamante Vera', 'jgmbustamante@gmail.com'),
('70561454', 'Rafael Ángel Botero Giraldo', 'yafaboterog@gmail.com'),
('70852947', 'Diego León Lopez Ospina', 'dilelos@hotmail.com'),
('71217197', 'Francisco Javier Rodríguez Toro', 'javir1979@hotmail.com'),
('71270330', 'Mauricio Seguro Larrea', 'mauriciosl1981@hotmail.com'),
('71272143', 'Jonatan Andres Marín Gil', 'jonatanmarin1981@gmail.com'),
('71290066', 'Sergio Andres Molina Martínez', 'frioandres@hotmail.com'),
('71376698', 'John Fredy Rivera Londoño', 'jonhfre0803@hotmail.com'),
('71420708', 'Omar León Rivera Rico', 'omarr-176@hotmail.com'),
('71556844', 'Henry De Jesus Quintero Atehortua', 'henrikuintero@hotmail.com'),
('71609341', 'Nicolás Didimo Restrepo Restrepo', 'calvonico61@hotmail.com'),
('71635318', 'Guillermo León Trejos Cano', 'trejosguillermo.92@gmail.com'),
('71651654', 'Francisco Javier Restrepo Restrepo', 'pachoj.r@hotmail.com'),
('71683373', 'Jorge Iván Escudero Arango', 'jiescudero@litoempaques.com'),
('71697723', 'Luis Hernando Garcia Echavarria', 'luishgarcia 19@outlook.com'),
('71701376', 'David Guerrero Diaz', 'davidguerrero2531@hotmail.com'),
('71702511', 'Héctor Asmed Velez González', 'hectorasmed@yahoo.com'),
('71711887', 'Carlos Mario Cardona Lopez', 'cmcardona@litoempaques.com'),
('71730398', 'Jovany De Jesus Osorno Hernández', 'nanyosorno@outlook.com'),
('71741747', 'Frey Heriberto Guzmán Muñoz', 'mifinquita24@outlook.com'),
('71753347', 'José Orfidio Morales Escobar', 'moraleschepe@hotmail.com'),
('71756215', 'José Alexander Morales Patiño', 'alexandermorales1975@hotmail.com'),
('71781287', 'Edwin Alexander Yepes Moreno', 'chaquy23@yahoo.com'),
('71992798', 'Javier De Jesus Buriticá Aguirre', 'butica-88@outlook.com'),
('71992857', 'Jaime De Jesus Ospina Flórez', 'carjaime0@hotmail.com'),
('79323566', 'Thomas Barrios Flórez', 'thobarrios@hotmail.com'),
('8029791', 'Juan Camilo Lozano Botero', 'juancamilobotero@hotmail.com'),
('8061871', 'Yesid Alberto Restrepo Orrego', 'restre187109@gmail.com'),
('8163032', 'Lucas David Agudelo Arango', 'LUKASKAWINDI25@HOTMAIL.COM'),
('8400825', 'Gustavo Arcesio Giraldo Martínez', 'gustavogiraldo796@gmail.com'),
('8466026', 'Édison Andres Laverde Laverde', 'edilzon13a@hotmail.com'),
('93060149', 'Fredy Alexander Lopez Bedoya', 'frealo28@gmail.com'),
('98494054', 'Luis Fernando Alcaraz Saldarriaga', 'chuly494054@gmail.com'),
('98510189', 'Walter Alonso Tamayo Tamayo', 'waltertamayo056@gmail.com'),
('98560618', 'Nelson De Jesus Rodríguez Zapata', 'nr03550@gmail.com'),
('98561159', 'Carlos Mario Carmona Garcia', '7110cmcarmona@gmail.com'),
('98592517', 'Giovanni Patignoc Fonnegra', 'giovanp1973@hotmail.com'),
('98595189', 'Jorge Humberto Loaiza Bedoya', 'jorgeloaiza0228@gmail.com'),
('98623310', 'Néstor Raúl Laverde Vanegas', 'memin372@hotmail.com'),
('98637980', ' Juan Carlos Echavarría Echavarría ', 'jcechavarria@litoempaques.com'),
('98649321', 'Milton Augusto Mosquera Úsuga', 'miltonmosquera619@gmail.com');

-- --------------------------------------------------------

--
-- Estructura de tabla para la tabla `documentos`
--

CREATE TABLE `documentos` (
  `usuario` varchar(45) NOT NULL,
  `nombre` varchar(45) DEFAULT NULL,
  `archivo` varchar(255) DEFAULT NULL,
  `mes` varchar(15) DEFAULT NULL
) ENGINE=InnoDB DEFAULT CHARSET=utf8;

--
-- Volcado de datos para la tabla `documentos`
--

INSERT INTO `documentos` (`usuario`, `nombre`, `archivo`, `mes`) VALUES
('123456', 'Jose Alberto Gómez', 'zzpc_123456_2018064.pdf', 'junio'),
('15370044', 'Juan Esteban Berrío', 'zzpc_15370044_2018064.pdf', 'junio'),
('789', 'Andrés Camilo Alzate', 'zzpc_789_2018064.pdf', 'junio');

-- --------------------------------------------------------

--
-- Estructura de tabla para la tabla `permisos`
--

CREATE TABLE `permisos` (
  `usuario` varchar(45) NOT NULL,
  `ID_Categoria` int(11) NOT NULL
) ENGINE=InnoDB DEFAULT CHARSET=latin1;

--
-- Volcado de datos para la tabla `permisos`
--

INSERT INTO `permisos` (`usuario`, `ID_Categoria`) VALUES
('1000405622', 5),
('1000405622', 7),
('1017157783', 5),
('1017157783', 7),
('1017266557', 5),
('1017266557', 7),
('1035871409', 5),
('1035871409', 7),
('1036599935', 5),
('1036599935', 7),
('1036620214', 5),
('1036620214', 7),
('1036672517', 5),
('1036672517', 7),
('1037577118', 5),
('1037577118', 7),
('1037591271', 5),
('1037591271', 7),
('1037604625', 5),
('1037604625', 7),
('1037615192', 5),
('1037615192', 7),
('1037638782', 5),
('1037638782', 7),
('1037648839', 5),
('1037648839', 7),
('1039451492', 5),
('1039451492', 7),
('1040745141', 5),
('1040745141', 7),
('1047373690', 5),
('1047373690', 7),
('1048017009', 5),
('1048017009', 7),
('1067090843', 5),
('1067090843', 7),
('1088276258', 5),
('1088276258', 7),
('1091807928', 5),
('1091807928', 7),
('1128434296', 5),
('1128434296', 7),
('1128440173', 5),
('1128440173', 7),
('1152218316', 5),
('1152218316', 7),
('1152686634', 5),
('1152686634', 7),
('1152711552', 5),
('1152711552', 7),
('15259919', 5),
('15259919', 7),
('15329077', 5),
('15329077', 7),
('15370044', 5),
('15370044', 7),
('15458977', 5),
('15458977', 7),
('15517761', 5),
('15517761', 7),
('15931300', 5),
('15931300', 7),
('16716511', 5),
('16716511', 7),
('21533475', 5),
('21533475', 7),
('21533662', 5),
('21533662', 7),
('21852970', 5),
('21852970', 7),
('32241613', 5),
('32241613', 7),
('32259358', 5),
('32259358', 7),
('3396203', 5),
('3396203', 7),
('3567491', 5),
('3567491', 7),
('3593356', 5),
('3593356', 7),
('39358132', 5),
('39358132', 7),
('42788414', 5),
('42788414', 7),
('42788438', 5),
('42788438', 7),
('42789957', 5),
('42789957', 7),
('42823578', 5),
('42823578', 7),
('43102839', 5),
('43102839', 7),
('43104048', 5),
('43104048', 7),
('43162571', 5),
('43162571', 7),
('43277073', 5),
('43277073', 7),
('43284285', 5),
('43284285', 7),
('43522810', 5),
('43522810', 7),
('43639504', 5),
('43639504', 7),
('43813703', 5),
('43813703', 7),
('43826231', 5),
('43826231', 7),
('43840424', 5),
('43840424', 7),
('43847714', 5),
('43847714', 7),
('43922089', 5),
('43922089', 7),
('43991483', 5),
('43991483', 7),
('43996637', 5),
('43996637', 7),
('70432597', 5),
('70432597', 7),
('70433806', 5),
('70433806', 7),
('70516706', 5),
('70516706', 7),
('70561454', 5),
('70561454', 7),
('70852947', 5),
('70852947', 7),
('71217197', 5),
('71217197', 7),
('71270330', 5),
('71270330', 7),
('71272143', 5),
('71272143', 7),
('71290066', 5),
('71290066', 7),
('71376698', 5),
('71376698', 7),
('71420708', 5),
('71420708', 7),
('71556844', 5),
('71556844', 7),
('71609341', 5),
('71609341', 7),
('71635318', 5),
('71635318', 7),
('71651654', 5),
('71651654', 7),
('71683373', 5),
('71683373', 7),
('71697723', 5),
('71697723', 7),
('71701376', 5),
('71701376', 7),
('71702511', 5),
('71702511', 7),
('71711887', 5),
('71711887', 7),
('71730398', 5),
('71730398', 7),
('71741747', 5),
('71741747', 7),
('71753347', 5),
('71753347', 7),
('71756215', 5),
('71756215', 7),
('71781287', 5),
('71781287', 7),
('71992798', 5),
('71992798', 7),
('71992857', 5),
('71992857', 7),
('79323566', 5),
('79323566', 7),
('8029791', 5),
('8029791', 7),
('8061871', 5),
('8061871', 7),
('8163032', 5),
('8163032', 7),
('8400825', 5),
('8400825', 7),
('8466026', 5),
('8466026', 7),
('93060149', 5),
('93060149', 7),
('98494054', 5),
('98494054', 7),
('98510189', 5),
('98510189', 7),
('98560618', 5),
('98560618', 7),
('98561159', 5),
('98561159', 7),
('98592517', 5),
('98592517', 7),
('98595189', 5),
('98595189', 7),
('98623310', 5),
('98623310', 7),
('98637980', 5),
('98637980', 7),
('98649321', 5),
('98649321', 7),
('UsuarioPrueba', 1),
('UsuarioPrueba', 2),
('UsuarioPrueba', 3),
('UsuarioPrueba', 4),
('UsuarioPrueba', 5),
('UsuarioPrueba', 6),
('UsuarioTest', 5);

-- --------------------------------------------------------

--
-- Estructura de tabla para la tabla `usuarios`
--

CREATE TABLE `usuarios` (
  `usuario` varchar(45) NOT NULL,
  `clave` varchar(45) NOT NULL,
  `admin` tinyint(1) NOT NULL
) ENGINE=InnoDB DEFAULT CHARSET=latin1;

--
-- Volcado de datos para la tabla `usuarios`
--

INSERT INTO `usuarios` (`usuario`, `clave`, `admin`) VALUES
('1000405622', '1000405622', 0),
('1017157783', '7783', 0),
('1017266557', 'a1b549ef', 0),
('1035871409', '1035871409', 0),
('1036599935', '1036599935', 0),
('1036620214', 'velez2018*', 0),
('1036672517', '1036672517', 0),
('1037577118', '1037577118', 0),
('1037591271', '1037591271', 0),
('1037604625', '7625182', 0),
('1037615192', 'Alvarez1991', 0),
('1037638782', '1037638782', 0),
('1037648839', '1037648839', 0),
('1039451492', '1039451492', 0),
('1040745141', '1040745141', 0),
('1047373690', '1047373690', 0),
('1048017009', 'a1e2t3', 0),
('1067090843', '1067090843', 0),
('1088276258', '1088276258', 0),
('1091807928', '1091807928', 0),
('1128434296', '1128434296', 0),
('1128440173', '1128440173', 0),
('1152218316', '1152218316', 0),
('1152686634', '1152686634', 0),
('1152711552', '1152711552', 0),
('15259919', '15259919', 0),
('15329077', '15329077', 0),
('15370044', '15370044', 0),
('15458977', 'mariana2001', 0),
('15517761', '15517761', 0),
('15931300', '15931300', 0),
('16716511', '16716511', 0),
('21533475', '21533475', 0),
('21533662', '71396263', 0),
('21852970', '21852970', 0),
('32241613', '32241613', 0),
('32259358', '32259358', 0),
('3396203', '3396203', 0),
('3567491', '3567491', 0),
('3593356', '3593356', 0),
('39358132', '39358132', 0),
('42788414', '42788414', 0),
('42788438', '42788438', 0),
('42789957', '42789957', 0),
('42823578', '42823578', 0),
('43102839', '43102839', 0),
('43104048', 'jhosep1203', 0),
('43162571', '43162571', 0),
('43277073', '21407037', 0),
('43284285', '43284285', 0),
('43522810', '43522810', 0),
('43639504', '43639504', 0),
('43813703', '43813703', 0),
('43826231', '43826231', 0),
('43840424', '43840424', 0),
('43847714', '43847714', 0),
('43922089', '43922089', 0),
('43991483', '43991483', 0),
('43996637', 'dany2003*', 0),
('70432597', '0423', 0),
('70433806', '70433806', 0),
('70516706', '70516706', 0),
('70561454', '70561454', 0),
('70852947', '70852947', 0),
('71217197', '71217197', 0),
('71270330', '71270330', 0),
('71272143', '71272143', 0),
('71290066', '71290066', 0),
('71376698', '71376698', 0),
('71420708', '71420708', 0),
('71556844', '71556844', 0),
('71609341', '71609341', 0),
('71635318', '71635318', 0),
('71651654', '71651654', 0),
('71683373', '71683373', 0),
('71697723', '71697723', 0),
('71701376', '71701376', 0),
('71702511', '71702511', 0),
('71711887', '71711887', 0),
('71730398', '71730398', 0),
('71741747', '71741747', 0),
('71753347', '71753347', 0),
('71756215', '71756215', 0),
('71781287', '71781287', 0),
('71992798', '71992798', 0),
('71992857', '71992857', 0),
('79323566', '79323566', 0),
('8029791', '8029791', 0),
('8061871', '8061871', 0),
('8163032', '81630321', 0),
('8400825', '8400825', 0),
('8466026', '8466026', 0),
('93060149', 'lopez2128*', 0),
('98494054', '98494054', 0),
('98510189', '98510189', 0),
('98560618', '98560618', 0),
('98561159', '98561159', 0),
('98592517', '98592517', 0),
('98595189', '98595189', 0),
('98623310', '98623310', 0),
('98637980', '98637980', 0),
('98649321', '98649321', 0),
('Admin', 'Pc13467900*', 1),
('UsuarioPrueba', 'usuarioprueba', 0),
('UsuarioTest', 'usuariotest', 0);

--
-- Índices para tablas volcadas
--

--
-- Indices de la tabla `archivos`
--
ALTER TABLE `archivos`
  ADD PRIMARY KEY (`archivo`);

--
-- Indices de la tabla `categorias`
--
ALTER TABLE `categorias`
  ADD PRIMARY KEY (`ID_Categoria`);

--
-- Indices de la tabla `datospersonales`
--
ALTER TABLE `datospersonales`
  ADD PRIMARY KEY (`usuario`);

--
-- Indices de la tabla `documentos`
--
ALTER TABLE `documentos`
  ADD PRIMARY KEY (`usuario`);

--
-- Indices de la tabla `permisos`
--
ALTER TABLE `permisos`
  ADD PRIMARY KEY (`usuario`,`ID_Categoria`),
  ADD KEY `ID_Categoria` (`ID_Categoria`);

--
-- Indices de la tabla `usuarios`
--
ALTER TABLE `usuarios`
  ADD PRIMARY KEY (`usuario`);

--
-- AUTO_INCREMENT de las tablas volcadas
--

--
-- AUTO_INCREMENT de la tabla `categorias`
--
ALTER TABLE `categorias`
  MODIFY `ID_Categoria` int(11) NOT NULL AUTO_INCREMENT, AUTO_INCREMENT=8;

--
-- Restricciones para tablas volcadas
--

--
-- Filtros para la tabla `datospersonales`
--
ALTER TABLE `datospersonales`
  ADD CONSTRAINT `datospersonales_ibfk_1` FOREIGN KEY (`usuario`) REFERENCES `usuarios` (`usuario`);

--
-- Filtros para la tabla `permisos`
--
ALTER TABLE `permisos`
  ADD CONSTRAINT `permisos_ibfk_1` FOREIGN KEY (`usuario`) REFERENCES `usuarios` (`usuario`),
  ADD CONSTRAINT `permisos_ibfk_2` FOREIGN KEY (`ID_Categoria`) REFERENCES `categorias` (`ID_Categoria`);
COMMIT;

/*!40101 SET CHARACTER_SET_CLIENT=@OLD_CHARACTER_SET_CLIENT */;
/*!40101 SET CHARACTER_SET_RESULTS=@OLD_CHARACTER_SET_RESULTS */;
/*!40101 SET COLLATION_CONNECTION=@OLD_COLLATION_CONNECTION */;
